Age,Height,Weight,Chest,Size
41,177.6,81.5,107.4,L
35,170.2,72.6,102.1,L
42,173.5,92.9,112.0,XL
31,165.5,79.4,111.4,L
21,191.4,94.6,104.8,L
39,172.0,80.2,106.6,L
32,181.0,116.2,120.8,XL
23,185.0,95.4,108.7,L
36,177.7,99.5,118.1,XL
23,181.1,70.2,96.4,M
32,178.0,88.2,111.7,L
28,173.3,70.1,96.1,M
36,181.4,103.7,115.1,XL
26,186.1,111.6,123.1,XXL
22,170.9,89.6,106.0,L
38,174.0,92.4,109.2,L
26,169.4,77.9,108.5,L
34,176.6,96.9,111.8,L
31,174.8,76.0,99.9,M
32,179.4,90.8,112.7,XL
28,178.0,71.4,100.0,M
24,168.0,74.6,97.7,M
23,165.3,79.2,107.9,L
26,195.9,91.5,101.1,M
33,175.5,96.5,109.8,L
32,163.0,67.5,95.7,M
30,182.5,107.3,115.8,XL
36,179.5,79.3,96.4,M
25,174.5,78.2,97.1,M
33,181.8,88.2,105.7,L
21,188.1,71.5,95.7,M
47,176.0,94.7,110.8,L
37,167.5,66.5,94.7,S
27,185.2,87.9,104.3,L
20,178.5,67.5,96.5,M
30,179.1,88.4,117.4,XL
20,168.5,69.5,95.1,M
30,185.0,121.8,118.2,XL
30,173.7,71.9,98.1,M
26,174.3,88.1,108.6,L
25,174.4,57.5,86.5,XS
44,167.9,87.6,120.5,XL
19,183.6,85.0,101.3,M
24,173.0,86.5,115.2,XL
33,176.2,95.8,109.6,L
21,166.9,66.7,95.7,M
29,174.0,70.6,98.5,M
31,170.9,84.7,106.3,L
39,187.9,101.3,113.7,XL
40,167.4,85.6,110.6,L
39,177.9,109.5,116.6,XL
35,184.4,83.4,108.1,L
35,163.7,72.7,100.6,M
24,175.4,98.6,115.3,XL
31,170.4,77.3,103.7,L
33,184.0,140.0,146.9,XXXL
26,178.3,67.4,90.1,S
28,174.8,88.4,107.1,L
40,170.3,98.8,126.3,XXL
35,185.2,95.2,114.6,XL
26,160.9,56.6,85.8,XS
33,170.9,71.7,104.4,L
27,183.5,71.7,90.4,S
43,167.9,80.2,103.3,L
28,174.2,98.8,116.0,XL
32,169.8,66.2,97.1,M
28,167.1,80.7,105.0,L
26,185.0,105.3,121.3,XL
27,175.4,68.3,94.4,S
39,161.9,74.9,98.9,M
26,177.2,73.8,97.5,M
28,170.5,60.4,93.9,S
39,161.9,77.4,109.1,L
22,172.6,76.8,98.3,M
26,184.0,102.2,112.9,XL
45,174.3,96.3,120.5,XL
39,167.4,92.3,112.3,XL
40,175.0,98.8,112.9,XL
23,181.9,88.7,104.8,L
19,179.9,98.7,106.3,L
21,175.0,85.2,109.8,L
27,172.3,74.8,97.2,M
41,180.9,92.0,112.7,XL
33,179.1,74.4,96.3,M
35,172.3,82.3,109.8,L
21,157.8,62.7,95.3,M
24,171.8,77.8,102.4,L
34,179.9,88.2,104.3,L
19,174.0,59.0,90.2,S
24,170.2,73.0,100.8,M
29,173.7,86.4,102.7,L
24,173.0,86.6,104.4,L
23,178.5,73.7,91.7,S
19,181.7,65.4,91.7,S
21,184.3,69.6,92.4,S
21,179.1,77.5,99.4,M
22,165.7,72.7,100.1,M
26,170.1,79.7,106.9,L
20,178.6,74.4,99.5,M
27,175.5,96.8,110.4,L
44,179.1,86.6,104.5,L
19,175.9,74.2,101.5,M
29,179.0,92.0,110.9,L
22,178.2,81.4,99.1,M
28,183.9,64.6,84.4,XS
31,188.0,95.4,117.6,XL
28,173.8,85.3,108.5,L
31,173.4,90.0,108.5,L
34,181.9,83.5,102.1,L
30,168.3,85.1,109.6,L
31,181.5,89.7,106.3,L
42,181.5,87.2,103.0,L
40,167.3,82.2,110.6,L
28,183.1,111.2,116.3,XL
48,179.5,98.7,108.9,L
29,184.5,110.5,114.9,XL
32,168.7,78.2,104.1,L
30,175.6,86.9,105.6,L
28,184.6,141.3,135.8,XXXL
21,165.7,78.9,102.5,L
20,163.2,69.0,100.0,M
29,173.5,79.2,102.6,L
34,172.6,69.9,98.9,M
46,187.7,121.2,125.1,XXL
38,188.7,87.8,103.0,L
39,176.5,70.6,97.0,M
26,179.3,82.2,103.5,L
24,184.9,99.2,107.6,L
41,181.1,76.0,103.8,L
38,173.9,98.8,111.3,L
24,166.8,75.9,101.1,M
19,178.8,89.8,102.4,L
31,174.6,78.2,99.7,M
36,175.0,83.1,105.7,L
24,181.0,99.6,108.2,L
33,171.0,74.2,100.2,M
31,184.7,96.8,113.2,XL
27,181.1,91.6,112.3,XL
40,178.0,108.0,117.5,XL
33,174.0,78.8,102.1,L
31,179.7,94.9,111.5,L
23,175.5,90.6,111.2,L
29,184.2,106.9,116.5,XL
24,165.6,87.4,105.6,L
26,177.6,87.9,104.8,L
32,185.9,115.4,113.7,XL
22,168.5,79.0,104.1,L
21,177.5,88.7,102.7,L
26,182.5,86.6,102.1,L
21,193.1,80.6,100.1,M
26,178.9,96.6,112.6,XL
36,181.9,109.9,122.5,XL
34,178.2,77.1,107.0,L
23,172.1,95.1,110.2,L
33,191.0,111.8,119.4,XL
30,180.4,89.5,109.7,L
33,178.2,106.0,120.8,XL
22,177.7,95.1,111.6,L
42,166.5,72.1,99.5,M
38,180.3,87.2,109.2,L
32,187.9,97.8,107.9,L
30,173.3,97.4,117.9,XL
38,183.5,95.8,108.4,L
25,179.2,112.3,115.0,XL
39,172.1,90.0,109.8,L
27,171.1,94.8,114.2,XL
32,180.9,95.0,107.1,L
19,166.4,73.9,102.1,L
40,180.7,103.6,124.1,XXL
26,170.5,77.7,102.7,L
33,195.5,108.0,116.7,XL
30,173.0,84.0,108.2,L
41,177.4,96.4,113.9,XL
32,172.4,70.7,94.7,S
31,170.5,70.5,94.8,S
36,183.8,85.1,105.8,L
25,170.6,86.5,110.2,L
43,180.9,97.2,117.9,XL
37,177.3,82.2,102.8,L
31,173.4,84.2,104.8,L
38,174.8,72.3,96.9,M
32,165.1,89.6,112.5,XL
20,172.4,75.5,104.9,L
23,186.0,73.2,95.7,M
19,171.5,70.1,91.3,S
28,175.7,78.3,99.5,M
26,191.6,116.4,123.7,XXL
27,184.7,79.9,101.8,M
30,185.5,90.8,105.9,L
25,171.8,67.7,90.7,S
38,164.1,85.8,106.3,L
25,183.3,85.2,101.7,M
30,178.4,103.3,113.0,XL
24,177.0,103.4,115.6,XL
26,170.2,72.5,97.8,M
29,180.0,71.1,96.3,M
31,171.5,67.8,96.5,M
24,184.2,78.2,95.6,M
43,171.0,90.9,108.0,L
33,175.3,84.0,107.8,L
24,193.5,108.6,115.8,XL
39,173.8,75.8,101.3,M
21,177.0,83.3,103.7,L
23,172.0,87.0,103.9,L
24,167.3,72.8,98.5,M
50,171.5,110.9,128.5,XXL
33,182.2,94.5,108.2,L
22,191.3,114.1,115.7,XL
21,175.6,90.7,104.9,L
27,173.5,84.6,106.3,L
21,172.6,81.8,106.1,L
23,171.6,86.9,112.0,XL
37,171.7,68.2,91.3,S
32,171.8,68.0,94.1,S
28,174.7,94.7,115.1,XL
23,156.7,47.4,81.0,XXS
42,189.4,115.8,116.3,XL
22,173.8,72.9,97.2,M
35,186.2,107.8,109.1,L
31,165.4,54.0,84.6,XS
34,163.7,85.4,109.2,L
25,173.8,87.1,107.1,L
37,181.3,107.1,117.2,XL
32,173.8,79.1,103.5,L
27,181.5,109.6,120.3,XL
31,173.6,115.0,121.2,XL
23,168.9,86.6,104.7,L
26,174.0,75.6,97.7,M
34,178.2,83.4,101.4,M
39,178.4,81.2,104.1,L
23,164.7,84.5,108.2,L
25,174.0,94.1,116.6,XL
25,166.4,64.4,96.7,M
35,180.5,112.4,117.1,XL
23,174.5,90.7,107.8,L
23,160.5,71.8,96.3,M
26,183.0,97.1,110.1,L
31,181.0,81.3,105.3,L
35,173.1,75.5,102.7,L
27,184.5,79.7,97.2,M
33,177.5,64.8,91.5,S
28,179.5,107.9,114.2,XL
22,166.4,87.4,108.1,L
23,175.2,98.2,110.8,L
45,181.4,89.3,106.9,L
39,183.6,108.7,114.0,XL
29,162.8,77.5,101.8,M
39,164.0,80.1,109.6,L
23,172.8,87.4,112.7,XL
30,160.6,56.8,90.7,S
25,186.1,117.4,124.1,XXL
50,176.1,86.3,109.2,L
40,175.4,97.0,117.8,XL
25,174.1,77.9,103.1,L
27,165.7,55.6,87.2,XS
27,166.0,53.3,88.4,XS
28,167.8,93.3,112.1,XL
42,173.5,86.6,106.3,L
43,175.0,109.6,124.2,XXL
25,170.1,67.6,94.9,S
23,174.2,71.8,95.3,M
22,181.8,91.6,110.6,L
30,178.5,87.1,109.4,L
34,166.6,70.1,95.4,M
28,178.1,111.5,124.2,XXL
25,180.2,108.4,116.6,XL
23,166.9,63.7,90.4,S
25,183.7,96.4,107.1,L
24,188.1,105.4,118.2,XL
26,178.2,88.7,105.2,L
51,190.0,114.5,116.2,XL
26,175.5,89.0,106.9,L
23,173.0,68.8,95.7,M
44,162.4,71.0,102.0,L
30,175.5,102.1,119.8,XL
53,170.3,78.4,107.9,L
29,176.2,110.5,117.2,XL
34,172.0,81.9,100.8,M
34,171.1,87.1,116.8,XL
19,192.7,86.9,102.7,L
31,178.4,77.5,106.8,L
26,183.5,109.8,113.9,XL
31,182.3,96.5,107.6,L
28,164.0,67.4,104.5,L
31,170.4,102.6,123.1,XXL
22,173.0,60.1,91.3,S
26,165.6,67.6,96.0,M
28,166.8,86.7,104.3,L
32,163.5,82.6,108.9,L
28,186.1,86.2,101.9,M
25,166.7,82.1,109.7,L
21,176.0,67.5,96.3,M
24,175.2,86.0,107.4,L
25,188.6,95.4,106.9,L
35,172.9,97.0,116.8,XL
25,179.0,89.5,108.7,L
22,174.5,101.6,117.3,XL
25,167.7,75.8,100.2,M
24,172.5,71.5,102.2,L
29,174.8,88.4,107.6,L
29,161.0,45.9,82.0,XXS
40,170.5,75.6,103.0,L
27,183.3,99.5,113.1,XL
36,182.0,113.8,118.3,XL
24,177.6,84.0,99.9,M
24,179.1,111.4,111.5,L
33,197.0,90.2,107.2,L
30,181.4,92.4,106.3,L
30,178.2,86.0,109.9,L
36,171.7,84.2,104.3,L
29,186.0,93.9,111.3,L
22,176.3,92.1,112.1,XL
22,162.4,72.4,101.5,M
24,172.3,88.6,101.1,M
30,167.4,75.3,105.8,L
30,174.4,85.7,103.4,L
36,174.8,98.0,113.8,XL
42,180.5,74.4,93.7,S
21,177.5,68.0,95.3,M
42,173.0,67.7,97.6,M
20,174.0,73.5,100.8,M
32,175.2,64.9,89.3,XS
32,167.3,76.6,102.4,L
38,185.0,86.0,102.9,L
20,180.2,80.9,106.6,L
21,172.7,80.1,101.1,M
22,171.7,77.3,98.8,M
19,167.2,88.0,106.8,L
20,185.0,90.5,106.5,L
20,195.8,86.6,96.2,M
22,170.8,84.5,109.4,L
38,192.3,120.3,122.8,XL
24,168.4,76.9,97.9,M
25,176.2,99.5,109.4,L
31,186.9,105.4,120.1,XL
42,176.8,87.2,105.4,L
35,166.8,75.0,108.0,L
27,165.8,86.5,112.3,XL
22,182.3,96.2,110.6,L
25,185.6,72.7,93.7,S
25,179.2,78.5,96.2,M
21,170.9,75.2,99.2,M
46,177.5,74.4,99.8,M
29,171.2,81.8,105.6,L
39,176.9,87.3,113.1,XL
33,165.1,69.7,96.9,M
25,177.0,82.4,100.0,M
35,192.8,99.9,114.5,XL
32,175.1,86.7,111.8,L
48,159.7,72.5,102.0,L
22,182.0,72.8,95.3,M
23,182.1,71.5,94.6,S
23,181.3,127.4,132.4,XXL
20,182.6,96.1,108.8,L
34,167.5,101.8,120.0,XL
24,172.2,86.9,112.4,XL
31,171.8,84.0,106.7,L
31,172.6,83.4,105.3,L
38,176.7,73.3,99.9,M
28,170.1,73.5,98.7,M
19,174.4,76.6,99.8,M
23,168.0,85.8,102.7,L
19,158.1,56.0,91.5,S
47,173.1,75.4,104.3,L
31,182.5,94.1,110.5,L
39,163.5,92.0,120.9,XL
35,173.6,90.5,109.8,L
34,169.2,102.1,115.6,XL
24,166.5,65.0,93.3,S
31,185.6,97.7,110.9,L
23,187.4,113.0,120.2,XL
28,167.2,89.4,112.1,XL
20,180.7,76.3,99.0,M
24,189.2,124.1,125.6,XXL
21,179.5,87.6,104.2,L
19,179.8,68.9,92.5,S
21,172.1,73.6,92.9,S
21,168.7,75.9,102.6,L
20,174.5,70.2,99.6,M
51,183.6,101.8,114.6,XL
34,175.1,88.7,107.1,L
39,185.6,126.6,121.9,XL
31,170.2,84.2,109.9,L
23,171.7,69.9,99.8,M
20,175.9,71.3,95.7,M
29,178.9,109.9,120.2,XL
29,183.8,104.2,116.4,XL
20,163.9,63.3,92.2,S
44,167.4,92.1,109.6,L
38,174.5,95.5,113.7,XL
21,166.2,70.9,99.4,M
19,167.4,77.3,101.6,M
25,168.8,78.1,100.5,M
31,174.4,101.7,115.0,XL
28,177.3,102.8,112.4,XL
25,183.5,91.0,109.3,L
36,173.6,78.7,101.8,M
32,166.8,78.1,102.0,L
28,179.1,93.1,113.8,XL
33,181.6,79.3,101.2,M
29,178.1,81.2,102.3,L
22,175.9,62.1,91.1,S
26,167.3,75.8,103.7,L
21,173.4,74.5,100.6,M
28,164.0,81.9,109.2,L
28,166.3,71.4,97.2,M
40,164.6,86.5,109.5,L
19,181.0,109.1,123.3,XXL
19,170.1,78.0,103.3,L
20,185.0,94.2,107.8,L
30,176.4,83.2,107.1,L
26,186.3,83.8,102.9,L
19,176.4,98.7,114.5,XL
42,181.1,95.8,113.2,XL
20,179.5,96.2,103.5,L
21,158.3,54.5,87.2,XS
19,176.8,77.7,100.3,M
20,188.6,81.9,107.7,L
42,168.1,88.5,111.0,L
42,169.8,79.1,103.1,L
35,170.8,86.8,111.7,L
45,164.2,85.4,115.3,XL
28,178.9,100.8,109.7,L
46,166.4,80.7,107.8,L
27,188.0,102.1,114.2,XL
33,174.0,92.2,114.3,XL
42,171.0,65.6,94.6,S
22,173.8,86.4,104.6,L
28,177.7,81.2,102.7,L
43,161.3,70.9,100.6,M
29,164.9,87.0,113.9,XL
24,178.6,78.0,97.6,M
33,173.0,73.4,100.4,M
19,176.3,81.9,103.3,L
20,176.8,61.8,90.2,S
19,183.4,73.2,96.7,M
20,176.7,68.2,96.8,M
21,184.4,91.0,102.1,L
20,185.9,79.5,99.0,M
20,174.0,85.9,106.1,L
19,170.4,69.4,94.1,S
21,180.7,107.5,124.0,XXL
18,171.8,65.7,94.2,S
19,175.0,69.0,95.8,M
36,171.6,70.0,99.8,M
31,177.0,84.2,109.3,L
21,186.5,94.9,107.3,L
20,175.9,71.5,91.5,S
29,192.6,101.0,111.5,L
27,170.5,70.0,93.4,S
24,178.1,82.5,101.6,M
22,176.6,81.0,101.8,M
22,181.4,80.7,102.9,L
21,183.0,81.9,98.6,M
19,173.8,68.4,93.3,S
23,186.8,90.4,101.0,M
37,166.8,90.6,108.6,L
39,185.3,109.4,114.4,XL
29,157.1,77.4,106.7,L
21,172.3,90.4,109.8,L
29,182.9,99.2,116.3,XL
31,169.6,77.7,105.7,L
19,172.7,62.8,91.7,S
19,178.5,79.1,99.6,M
21,169.8,66.2,94.2,S
32,184.5,86.8,103.4,L
28,177.2,76.8,102.1,L
38,171.4,85.6,109.3,L
24,177.2,94.2,119.1,XL
36,174.7,79.9,100.7,M
32,174.3,85.6,103.4,L
29,176.6,89.9,106.8,L
27,180.0,120.4,132.7,XXL
28,178.4,74.4,100.0,M
21,177.3,80.9,111.9,L
21,172.7,73.2,100.2,M
31,171.9,77.8,99.2,M
23,180.1,60.3,87.5,XS
28,178.1,72.4,99.3,M
37,171.3,83.0,105.1,L
24,174.9,78.4,98.7,M
21,161.9,66.3,101.8,M
38,165.8,76.0,107.0,L
32,182.2,93.7,104.4,L
28,173.0,93.1,105.2,L
30,166.1,75.6,106.7,L
27,185.8,83.3,104.8,L
23,176.5,75.7,100.7,M
26,195.2,100.8,112.2,XL
20,180.0,104.2,121.3,XL
18,170.8,69.2,94.6,S
31,174.9,91.0,114.4,XL
33,164.9,86.1,111.3,L
35,170.5,83.5,109.7,L
21,183.6,99.4,111.4,L
20,182.5,64.5,94.2,S
26,165.3,61.3,96.4,M
30,172.0,70.8,98.3,M
28,170.8,88.9,112.4,XL
25,172.5,83.6,105.7,L
28,183.5,118.0,125.4,XXL
22,172.8,85.9,103.4,L
27,174.8,89.2,110.0,L
28,180.5,75.1,97.8,M
40,173.5,77.8,107.1,L
30,168.7,83.1,106.4,L
30,171.0,74.9,100.5,M
22,178.6,63.0,89.4,XS
33,175.1,88.0,105.8,L
28,175.0,72.2,99.8,M
18,175.8,62.1,89.3,XS
20,178.5,75.0,101.2,M
41,176.3,96.9,109.9,L
33,170.8,85.4,112.5,XL
38,176.3,90.7,108.0,L
29,175.0,85.8,112.2,XL
39,171.0,86.6,107.9,L
20,180.3,92.7,111.5,L
34,172.5,91.0,113.7,XL
33,181.7,94.2,114.4,XL
29,172.3,73.6,100.8,M
24,159.8,66.6,100.2,M
26,171.7,78.4,98.6,M
22,173.7,120.8,127.2,XXL
24,181.4,99.9,112.8,XL
29,172.1,80.4,109.7,L
37,181.8,95.1,108.7,L
31,173.5,88.0,108.1,L
25,176.0,75.7,103.6,L
22,179.3,81.9,107.4,L
25,172.2,97.2,117.4,XL
21,185.0,94.5,115.3,XL
20,171.9,91.2,113.3,XL
34,174.0,76.1,100.3,M
27,173.1,90.2,111.4,L
29,184.2,81.3,104.4,L
21,180.0,106.6,110.6,L
28,171.0,78.2,101.1,M
40,180.3,101.8,111.6,L
24,180.0,81.8,100.3,M
40,174.4,84.7,111.6,L
27,173.5,100.5,120.0,XL
38,170.6,92.5,109.0,L
23,168.7,65.1,93.4,S
23,180.3,86.7,108.3,L
24,189.7,86.7,105.4,L
32,176.8,91.4,106.8,L
25,165.2,77.1,100.3,M
23,174.9,63.5,93.2,S
27,177.2,87.2,107.1,L
36,178.8,89.4,110.7,L
21,183.3,86.6,102.8,L
29,176.0,82.9,102.4,L
33,166.2,60.7,96.8,M
26,189.9,102.9,116.1,XL
25,170.0,68.1,99.9,M
28,192.3,88.9,102.8,L
31,178.2,71.6,98.6,M
43,177.3,81.6,105.9,L
33,177.9,88.5,112.1,XL
25,171.8,86.3,110.5,L
24,174.4,94.2,107.3,L
27,176.1,95.8,115.4,XL
31,172.2,62.5,94.1,S
24,181.4,77.2,91.4,S
22,178.6,72.2,94.7,S
22,165.9,97.5,118.0,XL
24,171.1,87.9,104.3,L
21,164.7,107.1,119.9,XL
22,171.0,87.2,99.6,M
30,180.5,74.2,101.0,M
26,167.1,64.9,91.4,S
23,173.5,65.4,98.1,M
25,175.8,87.1,105.7,L
24,180.4,94.2,110.6,L
26,173.1,83.7,105.5,L
31,177.9,74.5,99.3,M
25,185.2,108.7,114.0,XL
25,172.5,101.9,117.2,XL
38,176.8,90.6,115.8,XL
34,170.9,83.1,108.4,L
26,174.0,86.2,109.4,L
42,183.6,101.4,115.0,XL
36,174.7,92.6,112.2,XL
29,172.5,80.8,103.8,L
34,174.5,97.2,115.3,XL
30,173.6,82.3,106.7,L
39,182.5,65.9,94.7,S
27,174.2,87.8,104.9,L
31,179.3,91.8,104.3,L
42,174.7,111.4,123.2,XXL
20,174.3,74.0,95.6,M
27,183.2,94.9,107.6,L
25,170.8,69.8,94.7,S
28,180.2,96.8,109.6,L
29,175.7,88.3,108.9,L
34,186.1,98.2,108.3,L
26,180.0,79.3,101.0,M
47,170.8,91.8,113.9,XL
26,177.4,90.0,107.9,L
29,172.3,100.9,117.4,XL
19,182.8,62.5,89.9,XS
31,180.8,116.1,120.3,XL
28,168.3,68.3,100.9,M
34,173.6,65.2,96.1,M
39,172.2,80.8,107.7,L
27,176.1,103.4,116.3,XL
49,181.4,107.7,117.9,XL
22,181.5,73.7,101.6,M
50,180.0,95.9,116.3,XL
40,182.2,86.7,105.3,L
43,165.4,77.6,105.0,L
32,162.1,92.7,110.5,L
31,171.6,78.3,99.7,M
29,164.4,86.2,110.3,L
44,168.2,96.0,109.8,L
28,165.1,60.9,91.2,S
39,170.4,90.4,118.1,XL
33,178.4,80.3,103.1,L
20,164.0,75.0,106.7,L
26,168.8,70.8,96.8,M
36,179.5,80.3,103.3,L
28,183.9,68.1,90.9,S
51,171.0,84.0,111.1,L
35,173.0,92.9,110.6,L
37,166.9,97.5,118.3,XL
28,178.2,110.8,120.8,XL
45,174.5,80.1,101.0,M
29,165.5,86.6,114.7,XL
32,180.3,97.9,113.5,XL
45,173.5,116.4,130.9,XXL
37,172.9,97.7,117.7,XL
21,173.8,79.3,98.1,M
48,178.0,85.5,109.7,L
28,183.6,81.8,101.6,M
33,172.2,92.1,110.0,L
26,190.7,114.0,122.7,XL
43,163.9,88.2,115.6,XL
41,178.4,87.8,101.9,M
26,165.7,87.4,113.1,XL
48,174.3,73.4,95.7,M
41,176.3,99.9,117.4,XL
31,168.8,90.2,112.1,XL
28,175.1,88.2,106.0,L
36,180.8,85.7,110.2,L
24,181.8,86.2,103.3,L
41,167.0,84.1,107.5,L
27,189.3,108.4,113.1,XL
29,180.2,81.6,106.8,L
27,169.7,91.4,114.8,XL
31,172.2,93.0,109.9,L
45,174.5,89.7,110.7,L
37,172.9,98.2,117.6,XL
42,174.0,82.9,106.2,L
36,167.4,77.1,103.6,L
32,174.2,90.3,110.0,L
29,177.7,88.0,109.2,L
41,178.0,104.3,115.8,XL
27,160.0,63.3,93.9,S
30,170.7,97.3,114.2,XL
49,178.1,79.7,105.0,L
19,176.5,72.0,97.3,M
19,178.4,65.9,92.7,S
28,180.8,124.7,125.7,XXL
30,170.2,82.1,107.5,L
24,177.7,75.9,101.0,M
25,172.8,77.4,102.9,L
30,174.6,77.5,106.3,L
21,171.7,78.5,95.3,M
30,180.9,75.3,100.8,M
19,174.2,87.2,103.6,L
22,194.6,91.8,101.8,M
24,178.7,90.0,104.7,L
25,182.5,82.5,104.8,L
22,191.5,87.7,103.4,L
18,183.1,86.0,101.1,M
20,179.8,93.2,110.6,L
19,177.0,69.9,95.1,M
18,173.3,72.3,96.4,M
20,170.6,70.4,101.1,M
30,180.2,83.7,96.7,M
25,170.7,79.5,98.8,M
27,173.6,122.2,127.7,XXL
31,178.7,97.4,112.0,XL
31,161.3,68.4,99.7,M
23,163.8,58.4,87.2,XS
32,177.9,96.1,110.8,L
29,177.0,66.6,95.3,M
29,173.4,93.8,108.6,L
34,171.2,77.6,109.0,L
27,181.7,90.3,103.8,L
27,161.8,60.1,94.2,S
26,167.3,73.2,102.2,L
33,174.5,102.6,121.3,XL
23,183.6,67.5,92.2,S
38,172.2,73.8,97.7,M
37,171.8,94.1,116.8,XL
23,182.4,75.9,94.8,S
30,194.1,88.7,100.7,M
33,188.3,65.0,97.7,M
20,183.8,74.2,99.0,M
26,177.2,75.6,97.5,M
25,179.7,109.5,116.1,XL
24,169.9,66.9,93.0,S
30,170.0,104.5,121.3,XL
39,170.7,81.7,106.1,L
24,181.8,87.4,100.8,M
37,170.8,69.1,101.5,M
24,178.7,83.6,100.4,M
48,175.0,67.8,94.4,S
30,174.2,95.0,108.3,L
43,162.3,91.5,120.1,XL
23,177.1,82.4,106.4,L
38,172.4,81.6,101.1,M
27,195.1,99.6,109.5,L
20,172.9,70.5,96.4,M
20,171.9,59.6,95.3,M
22,172.3,89.9,105.2,L
32,169.4,82.2,107.0,L
29,169.1,79.9,104.1,L
37,173.3,78.6,101.3,M
30,167.7,76.6,108.8,L
42,175.8,66.7,96.8,M
40,189.9,120.9,130.1,XXL
47,176.1,77.8,100.9,M
44,171.6,74.4,102.3,L
44,174.1,93.1,113.6,XL
37,177.4,88.2,114.7,XL
42,171.4,84.6,103.7,L
38,174.5,96.1,113.1,XL
50,175.4,101.4,119.2,XL
47,172.7,85.4,111.1,L
49,177.4,90.5,111.7,L
44,175.6,99.0,115.3,XL
45,175.6,82.2,109.3,L
45,177.4,87.6,106.3,L
43,168.1,86.0,111.2,L
41,170.2,85.8,115.0,XL
36,173.5,90.9,115.8,XL
51,174.4,99.8,115.8,XL
43,173.2,91.7,107.3,L
40,171.1,78.8,108.4,L
56,163.5,69.7,101.0,M
38,170.6,80.6,106.9,L
44,177.1,86.1,105.6,L
41,179.2,108.2,121.7,XL
37,183.1,94.9,113.3,XL
42,185.2,99.3,113.5,XL
38,182.1,99.5,118.4,XL
46,175.4,101.8,118.6,XL
49,168.4,73.9,106.7,L
49,170.9,90.1,112.1,XL
41,182.6,97.1,111.4,L
35,179.5,89.7,110.5,L
37,178.2,78.0,102.8,L
50,176.9,99.1,115.8,XL
40,174.5,87.2,109.7,L
44,180.3,94.6,111.5,L
39,173.5,90.9,112.0,XL
37,178.5,71.7,99.0,M
45,166.1,73.2,102.5,L
40,178.4,107.5,119.1,XL
48,177.3,81.3,105.4,L
38,179.0,94.9,116.5,XL
38,172.5,84.6,108.0,L
41,183.0,79.5,101.0,M
50,169.9,84.4,108.9,L
37,177.3,74.7,98.3,M
53,169.0,73.6,106.8,L
46,177.4,86.2,106.7,L
38,173.4,78.4,109.2,L
41,180.4,101.4,109.9,L
45,165.5,71.6,100.3,M
36,176.5,79.6,99.1,M
50,178.1,94.5,113.7,XL
40,187.1,85.8,105.8,L
46,156.6,86.7,115.2,XL
38,178.2,87.1,106.7,L
46,173.7,95.2,118.1,XL
42,175.0,80.0,98.8,M
48,190.4,105.4,111.3,L
44,178.5,84.8,110.3,L
40,176.3,89.5,116.0,XL
41,173.5,81.7,106.9,L
46,172.7,90.3,112.2,XL
47,190.3,122.3,122.4,XL
40,178.8,92.5,108.6,L
44,182.1,105.6,121.7,XL
44,164.7,91.4,123.3,XXL
39,187.3,96.3,112.1,XL
39,175.6,79.1,105.0,L
39,179.4,108.3,115.7,XL
49,173.2,97.4,115.1,XL
49,167.8,84.6,109.7,L
39,180.6,107.4,113.7,XL
43,161.1,75.9,109.0,L
39,189.0,112.9,118.4,XL
45,178.3,93.3,104.8,L
42,185.7,104.0,114.3,XL
39,177.4,91.4,106.1,L
43,184.3,110.7,116.1,XL
40,172.9,95.9,115.3,XL
44,194.0,106.4,108.7,L
41,172.1,78.8,102.0,L
44,182.8,90.0,103.7,L
38,176.2,90.3,111.3,L
44,171.5,80.9,106.4,L
47,178.3,87.2,109.3,L
40,170.7,89.3,110.2,L
41,181.2,93.4,110.9,L
39,186.0,88.8,110.6,L
40,176.8,89.1,108.6,L
39,176.1,95.4,106.3,L
43,172.2,95.8,112.9,XL
53,178.9,81.2,103.7,L
44,178.0,102.4,120.7,XL
48,176.8,84.6,107.3,L
43,165.9,89.3,113.6,XL
39,173.3,78.4,104.2,L
47,192.4,101.4,112.5,XL
39,169.8,80.1,104.7,L
41,179.1,100.3,115.0,XL
37,180.0,87.1,104.8,L
51,184.8,92.8,114.6,XL
44,174.7,80.9,109.0,L
39,190.5,117.1,119.6,XL
41,167.1,88.2,107.8,L
49,166.9,74.9,101.2,M
47,181.0,95.7,112.7,XL
42,186.5,88.1,99.0,M
48,180.1,71.0,95.6,M
44,170.7,78.8,105.3,L
38,170.7,84.4,105.9,L
40,171.5,89.5,110.3,L
45,180.3,93.1,107.7,L
41,171.7,90.4,111.7,L
40,182.3,106.1,118.3,XL
44,176.8,85.8,104.9,L
41,162.2,85.8,114.7,XL
44,178.0,90.9,105.9,L
46,171.6,93.9,113.0,XL
39,177.8,109.7,119.3,XL
42,170.4,66.9,97.7,M
49,178.3,85.6,107.2,L
45,177.5,96.4,109.8,L
38,174.9,75.9,95.1,M
36,179.4,81.8,102.7,L
44,172.4,88.5,109.0,L
42,183.1,104.6,116.3,XL
48,186.7,90.5,104.5,L
40,179.4,85.6,105.6,L
40,177.7,89.3,107.8,L
41,177.1,82.7,102.2,L
46,180.5,101.2,116.5,XL
40,173.9,83.2,104.0,L
48,173.3,94.2,114.2,XL
45,169.4,96.6,122.6,XL
47,182.1,103.6,112.6,XL
42,176.5,78.8,104.4,L
41,177.9,87.3,109.4,L
38,180.2,92.6,111.8,L
44,178.3,84.6,102.6,L
40,185.3,87.8,106.0,L
43,174.4,80.8,108.4,L
45,170.9,81.6,109.9,L
39,185.5,89.5,105.4,L
41,176.5,88.2,107.0,L
45,176.4,89.0,110.1,L
42,180.7,101.5,110.3,L
46,177.5,89.5,100.9,M
48,176.0,79.5,101.5,M
36,185.1,91.5,111.7,L
53,173.4,73.4,103.3,L
45,178.1,108.7,120.6,XL
40,175.8,95.9,111.3,L
53,163.5,74.3,106.9,L
41,174.5,83.7,104.8,L
40,174.0,79.1,103.8,L
47,173.9,85.1,112.5,XL
39,177.4,80.2,102.8,L
38,180.2,95.8,114.0,XL
43,172.8,82.8,104.3,L
46,171.0,77.9,102.2,L
45,173.5,83.3,107.7,L
40,167.1,57.8,87.9,XS
45,179.1,105.5,117.8,XL
39,179.4,89.8,107.6,L
38,185.3,93.7,111.4,L
40,171.2,88.7,114.3,XL
44,177.7,79.7,105.7,L
39,181.5,100.1,114.9,XL
52,185.9,82.7,97.8,M
54,160.9,77.1,107.6,L
42,166.0,84.4,108.9,L
43,186.3,95.3,116.0,XL
56,181.9,77.9,101.2,M
46,172.6,71.3,96.1,M
42,171.7,106.4,118.6,XL
47,176.2,94.4,113.7,XL
46,178.2,81.0,99.9,M
46,178.2,80.8,102.7,L
51,173.4,82.6,107.6,L
50,152.8,66.3,99.7,M
22,175.0,72.5,100.7,M
41,179.3,76.6,100.3,M
44,170.6,76.6,102.7,L
47,179.4,104.7,114.3,XL
28,177.8,72.7,100.9,M
35,170.0,79.7,105.2,L
57,168.9,95.0,127.2,XXL
33,165.9,87.4,109.4,L
41,165.3,91.4,113.4,XL
42,164.7,85.2,113.5,XL
22,179.4,78.2,98.3,M
40,168.1,76.2,107.3,L
38,170.0,90.8,112.5,XL
34,175.5,76.7,102.1,L
30,171.0,85.9,104.2,L
26,184.5,106.7,114.8,XL
31,169.6,84.9,109.2,L
20,179.2,70.0,92.2,S
24,173.5,65.7,89.9,XS
26,167.7,84.5,108.7,L
53,176.7,98.7,116.6,XL
58,175.1,85.7,104.7,L
35,176.9,104.5,114.8,XL
49,173.6,89.3,105.1,L
35,187.3,103.2,113.2,XL
21,174.3,89.4,106.9,L
24,177.5,66.6,90.7,S
22,171.7,89.0,116.3,XL
37,170.6,105.6,124.3,XXL
36,176.1,84.3,107.4,L
31,166.0,74.6,99.3,M
41,166.5,59.7,94.0,S
31,177.3,82.6,102.4,L
33,173.5,90.7,115.1,XL
41,172.3,87.7,113.3,XL
25,169.3,68.5,101.7,M
31,172.8,76.7,102.7,L
45,180.9,108.1,121.9,XL
33,167.1,77.2,104.3,L
27,177.5,82.9,104.2,L
22,172.7,85.7,105.1,L
31,167.5,69.1,100.9,M
40,169.7,80.6,107.2,L
41,176.0,73.7,101.1,M
22,176.6,77.5,102.3,L
43,170.7,100.6,115.2,XL
44,179.8,86.0,103.6,L
29,168.2,59.7,87.2,XS
42,174.7,97.9,116.7,XL
28,196.6,89.7,99.5,M
30,173.7,101.6,116.8,XL
27,186.3,111.9,121.3,XL
26,185.7,71.1,94.9,S
30,184.9,105.7,115.7,XL
35,183.6,82.8,103.5,L
30,173.0,85.1,103.7,L
24,195.0,104.7,109.9,L
39,163.7,78.1,103.8,L
41,179.6,98.4,106.6,L
44,169.2,76.1,104.8,L
33,162.4,76.4,100.3,M
23,162.0,97.0,113.7,XL
35,168.6,86.8,114.2,XL
40,174.4,80.1,104.6,L
20,171.3,86.1,106.7,L
35,175.0,79.4,109.6,L
29,178.8,105.1,116.7,XL
29,183.0,84.8,102.6,L
48,171.1,63.0,96.4,M
26,184.1,134.4,131.7,XXL
27,178.4,97.4,113.6,XL
22,191.5,80.4,96.7,M
30,183.5,83.8,101.5,M
25,190.5,126.2,124.2,XXL
21,181.7,115.6,121.4,XL
36,184.7,105.3,116.8,XL
21,172.4,67.8,92.8,S
50,178.2,95.7,114.4,XL
23,171.7,70.3,97.6,M
20,178.1,65.7,89.0,XS
24,183.3,89.5,107.2,L
26,174.1,75.8,100.8,M
44,182.4,90.6,107.2,L
25,176.6,72.0,93.7,S
25,182.1,104.8,110.6,L
31,179.8,116.1,120.1,XL
21,183.2,86.6,105.2,L
21,168.5,60.1,92.2,S
24,178.8,112.0,116.4,XL
24,176.5,76.2,97.9,M
20,181.8,127.8,129.9,XXL
20,168.7,52.9,85.5,XS
35,175.1,91.8,112.1,XL
30,177.8,83.0,100.2,M
44,180.9,105.3,121.3,XL
51,178.7,89.9,110.0,L
43,184.4,84.9,104.7,L
45,179.0,82.3,110.6,L
41,169.3,65.9,95.2,M
28,173.4,78.8,104.5,L
31,183.4,78.7,99.6,M
36,183.0,95.4,107.7,L
38,184.2,97.0,112.9,XL
31,187.6,105.2,115.4,XL
20,166.5,64.9,99.3,M
48,189.0,102.4,121.9,XL
39,173.7,77.4,100.6,M
41,185.6,89.1,111.6,L
33,182.7,70.1,96.2,M
39,177.2,95.3,114.5,XL
47,172.5,102.9,118.9,XL
20,174.1,71.7,93.1,S
43,192.4,113.4,114.3,XL
27,185.2,92.4,110.8,L
35,183.3,97.5,113.3,XL
22,164.8,75.4,101.5,M
29,173.3,82.6,99.1,M
26,168.1,93.1,112.1,XL
23,174.5,111.2,115.3,XL
21,170.0,80.8,106.2,L
22,168.9,81.1,105.3,L
26,180.3,96.2,106.9,L
24,186.1,100.3,109.8,L
21,175.4,99.9,112.5,XL
45,181.7,100.3,114.7,XL
25,170.9,77.3,104.6,L
19,180.2,78.2,100.6,M
21,183.7,95.6,106.4,L
19,177.1,66.0,89.7,XS
32,187.9,108.7,121.8,XL
20,184.9,110.7,115.9,XL
26,173.5,93.5,106.8,L
34,180.7,84.8,103.1,L
22,179.1,96.3,111.6,L
19,170.0,64.6,92.2,S
21,186.2,102.6,106.3,L
23,172.7,88.4,104.8,L
22,168.4,67.4,93.9,S
23,170.9,82.3,101.8,M
26,176.1,73.0,97.8,M
32,172.5,88.9,109.3,L
20,165.7,77.1,102.6,L
21,173.8,69.9,92.0,S
20,193.6,83.1,99.3,M
26,186.9,116.3,121.3,XL
23,183.4,98.6,112.4,XL
26,192.8,132.5,125.5,XXL
20,183.1,104.8,119.3,XL
21,175.8,82.4,102.6,L
21,172.1,65.0,94.3,S
20,188.3,96.1,104.2,L
28,181.1,97.9,111.5,L
19,170.0,54.0,84.8,XS
21,166.4,60.8,89.2,XS
24,173.3,73.9,99.6,M
21,183.9,104.4,111.4,L
25,160.0,39.3,77.4,XXS
21,177.1,89.7,111.3,L
25,185.9,125.8,118.2,XL
19,183.9,81.6,98.8,M
20,175.9,73.4,99.3,M
36,168.8,87.5,114.5,XL
19,179.2,75.3,101.2,M
18,179.0,81.9,105.2,L
22,177.3,85.2,108.9,L
20,176.5,65.5,94.4,S
23,173.2,99.7,114.4,XL
18,181.0,86.1,103.3,L
20,172.8,59.3,91.2,S
21,181.4,101.9,117.4,XL
20,177.2,79.5,105.6,L
21,175.0,70.9,93.5,S
19,180.3,78.3,101.1,M
19,173.7,72.7,95.1,M
23,183.9,86.7,108.9,L
21,188.0,99.1,108.3,L
20,178.5,82.8,105.5,L
18,179.4,84.0,108.6,L
20,172.8,82.3,100.9,M
22,169.9,70.8,97.1,M
18,177.1,67.0,95.4,M
34,176.8,70.3,98.0,M
22,171.2,90.2,111.9,L
24,167.4,60.0,91.2,S
32,172.9,91.0,115.0,XL
24,174.6,91.2,110.4,L
28,160.9,83.7,109.7,L
31,179.7,82.0,98.0,M
32,180.9,115.5,121.5,XL
29,173.5,57.9,89.0,XS
18,171.8,93.5,107.5,L
30,177.6,86.4,108.4,L
24,165.8,55.8,92.6,S
30,185.6,98.5,110.9,L
20,170.4,97.2,116.1,XL
22,178.7,93.4,105.8,L
19,165.3,85.7,104.2,L
28,185.3,85.6,102.2,L
20,177.9,63.4,85.1,XS
24,175.9,88.3,111.8,L
22,173.8,59.1,89.5,XS
35,171.2,95.8,119.7,XL
21,170.3,69.8,95.7,M
36,173.6,74.2,97.7,M
28,172.0,79.9,102.6,L
27,178.6,109.9,119.5,XL
31,171.1,87.3,109.3,L
31,172.4,65.8,92.6,S
28,173.6,98.3,110.6,L
26,173.6,63.8,92.2,S
36,181.0,129.8,124.4,XXL
22,167.8,74.6,100.3,M
23,174.6,80.4,104.1,L
39,173.6,77.3,99.1,M
21,177.4,98.0,115.4,XL
29,175.0,79.6,100.1,M
24,188.0,106.2,107.8,L
36,170.3,79.0,105.6,L
32,192.1,100.1,109.6,L
32,182.6,84.6,102.2,L
20,182.2,74.1,91.8,S
23,167.9,59.1,86.5,XS
29,176.6,82.2,105.9,L
21,173.5,64.3,91.2,S
20,181.2,87.8,105.1,L
21,175.2,79.9,101.2,M
25,165.3,81.1,107.7,L
29,177.4,109.6,119.1,XL
19,171.4,68.9,95.8,M
26,176.4,82.7,100.8,M
20,183.2,88.3,103.1,L
29,180.0,89.8,111.7,L
19,170.4,112.8,122.4,XL
23,179.9,94.9,118.2,XL
20,173.3,76.5,102.3,L
26,177.5,105.9,117.0,XL
37,165.0,55.7,91.7,S
22,168.8,91.0,108.2,L
49,168.2,85.2,111.3,L
23,171.5,90.3,109.9,L
36,169.1,95.6,111.6,L
34,175.8,87.5,115.7,XL
22,184.4,104.6,117.3,XL
26,182.0,85.9,106.3,L
30,174.5,78.4,105.7,L
29,184.8,74.8,97.0,M
34,176.8,103.6,122.3,XL
34,176.9,82.8,106.5,L
45,181.8,85.7,109.2,L
33,167.3,74.5,96.6,M
38,172.4,87.1,109.0,L
21,172.2,73.5,102.2,L
30,176.1,78.3,103.5,L
44,176.1,90.3,112.6,XL
43,169.3,64.2,97.3,M
21,168.6,82.4,102.0,L
30,168.3,69.0,99.2,M
38,168.8,76.9,104.0,L
29,176.4,88.1,107.9,L
36,180.2,86.2,106.4,L
36,188.1,80.7,98.8,M
42,168.2,92.4,121.3,XL
31,179.9,101.5,110.4,L
24,184.1,110.2,112.3,XL
24,177.6,77.1,101.1,M
31,173.4,99.5,109.5,L
21,175.9,63.5,94.6,S
21,182.7,105.6,114.0,XL
35,183.5,109.2,129.7,XXL
42,174.4,73.1,104.2,L
29,177.2,83.4,104.1,L
27,165.0,73.7,100.8,M
21,174.5,80.3,101.7,M
22,180.5,83.2,102.8,L
21,166.0,66.1,93.6,S
36,182.4,102.9,116.1,XL
42,185.7,108.1,117.8,XL
30,179.0,103.4,107.2,L
41,180.7,81.3,106.8,L
26,174.6,69.6,97.9,M
29,167.6,81.7,105.1,L
22,178.9,91.9,104.9,L
42,178.5,107.0,117.9,XL
46,182.9,106.1,113.7,XL
26,168.0,75.5,95.8,M
24,176.4,86.2,107.7,L
50,168.2,80.4,106.1,L
39,176.4,96.5,111.5,L
51,173.0,88.0,105.2,L
27,186.7,105.3,119.4,XL
34,167.3,70.8,100.5,M
30,191.2,125.4,131.2,XXL
28,173.4,75.8,105.0,L
45,167.0,86.3,111.7,L
38,173.2,76.1,101.7,M
47,180.5,94.7,110.4,L
36,170.5,68.3,96.7,M
39,168.9,81.2,107.5,L
38,177.5,85.4,105.4,L
29,180.9,97.4,113.7,XL
41,180.8,96.8,108.3,L
28,171.3,71.7,96.2,M
33,174.8,82.1,101.1,M
42,171.1,100.8,118.8,XL
30,182.2,100.4,114.0,XL
28,174.4,85.5,103.8,L
24,186.7,83.2,101.4,M
29,192.3,111.4,119.0,XL
32,167.6,81.4,106.1,L
34,176.2,88.1,113.4,XL
33,171.7,91.9,114.2,XL
30,175.1,117.9,120.2,XL
46,173.0,103.5,117.6,XL
35,175.9,121.3,126.1,XXL
36,168.1,68.1,96.8,M
27,178.1,105.1,117.0,XL
27,172.4,65.8,96.1,M
36,184.7,95.6,111.3,L
53,176.0,86.7,106.1,L
39,178.5,103.8,118.3,XL
40,180.5,81.3,96.2,M
50,178.1,97.8,115.7,XL
57,166.1,76.4,106.2,L
39,176.0,97.2,114.3,XL
42,167.9,93.4,112.2,XL
40,181.9,96.2,110.8,L
44,171.9,84.0,107.1,L
21,173.0,89.5,110.8,L
44,170.2,91.9,114.9,XL
25,179.6,92.9,107.3,L
39,181.8,119.8,127.4,XXL
35,169.5,75.2,104.6,L
52,178.0,95.4,116.8,XL
38,184.8,109.3,115.8,XL
36,185.1,105.7,115.1,XL
35,166.6,102.5,117.1,XL
42,176.8,86.5,105.9,L
50,179.0,99.7,112.9,XL
42,170.2,97.2,120.9,XL
45,187.7,113.7,119.4,XL
46,178.0,84.5,108.8,L
33,175.2,77.1,98.2,M
49,177.6,84.3,104.4,L
26,167.4,87.8,105.2,L
32,172.1,101.9,117.1,XL
42,171.7,87.0,109.8,L
48,170.5,76.0,99.4,M
50,169.3,86.4,108.1,L
27,176.8,94.6,110.2,L
50,174.0,101.1,118.7,XL
43,178.0,87.3,111.1,L
45,180.3,73.0,98.1,M
51,178.5,71.1,99.9,M
40,177.6,99.0,117.6,XL
40,175.5,100.1,116.0,XL
40,159.1,70.1,95.9,M
38,186.0,112.5,116.8,XL
26,174.3,69.9,100.8,M
27,174.4,76.5,102.7,L
39,179.0,100.7,115.5,XL
37,179.9,103.4,120.4,XL
31,173.0,103.2,116.6,XL
38,168.2,65.6,94.1,S
26,173.5,92.1,112.7,XL
52,172.8,105.2,125.1,XXL
32,169.2,63.2,96.8,M
30,183.4,67.1,94.1,S
24,185.3,102.6,114.1,XL
44,172.2,97.4,115.0,XL
58,174.0,75.2,98.7,M
53,170.7,85.6,109.0,L
47,177.1,72.4,92.2,S
35,180.3,87.4,105.3,L
39,180.5,99.5,113.6,XL
37,181.5,94.6,116.4,XL
22,188.2,103.9,104.3,L
31,175.4,93.2,108.8,L
54,166.8,75.9,105.3,L
34,183.5,85.3,106.4,L
29,182.9,103.2,116.4,XL
33,182.7,107.8,111.9,L
27,178.5,96.2,105.5,L
34,171.5,96.1,114.2,XL
36,182.7,76.2,98.2,M
40,179.6,71.2,99.7,M
36,169.3,78.6,108.2,L
41,171.3,81.8,111.2,L
29,182.3,76.0,93.2,S
32,184.2,95.2,110.9,L
48,167.3,76.4,105.3,L
33,177.1,100.1,116.6,XL
27,172.9,75.8,97.3,M
46,183.3,92.1,111.7,L
26,172.4,84.5,107.6,L
30,176.5,92.8,114.2,XL
46,173.0,91.3,114.0,XL
41,169.4,96.6,111.4,L
43,166.8,79.8,104.1,L
27,180.3,91.5,115.2,XL
42,181.4,95.5,110.6,L
40,179.6,114.6,121.3,XL
34,181.1,114.2,127.7,XXL
44,177.1,69.8,97.7,M
28,182.6,95.1,106.2,L
42,178.5,102.1,114.7,XL
24,171.7,83.6,109.0,L
47,178.1,108.1,114.5,XL
30,171.8,84.5,107.1,L
27,179.7,91.1,107.9,L
32,181.7,97.4,113.0,XL
29,176.7,90.9,113.7,XL
29,182.2,86.7,107.1,L
33,166.5,59.4,91.2,S
29,182.7,89.2,104.2,L
23,179.1,87.9,104.9,L
22,182.2,100.7,110.8,L
28,182.0,101.6,114.2,XL
44,176.6,96.9,115.3,XL
50,177.4,104.7,120.6,XL
40,181.4,110.0,118.2,XL
32,183.8,119.2,126.1,XXL
56,184.2,80.9,98.4,M
28,178.1,78.7,102.2,L
26,189.3,74.4,94.5,S
44,180.1,125.6,130.2,XXL
45,189.4,99.7,109.9,L
29,160.7,63.2,90.7,S
42,183.2,82.9,107.7,L
35,172.5,82.2,106.5,L
23,184.2,71.4,95.1,M
51,173.8,92.7,113.0,XL
27,179.2,74.6,93.9,S
42,174.6,108.3,122.8,XL
27,178.0,80.0,103.2,L
29,178.0,94.0,111.8,L
24,176.7,69.5,95.1,M
39,184.5,110.5,120.7,XL
46,171.9,85.0,110.0,L
41,173.0,93.6,120.7,XL
41,187.2,84.1,102.6,L
39,179.7,85.5,108.9,L
39,180.5,118.3,127.7,XXL
55,172.5,84.7,109.3,L
40,166.4,81.7,108.6,L
34,178.8,85.0,107.5,L
41,172.3,78.9,98.7,M
38,182.1,104.5,114.7,XL
44,174.5,80.4,104.8,L
30,168.5,89.9,108.8,L
21,171.5,72.7,97.9,M
41,177.5,104.1,119.9,XL
32,176.3,90.8,111.7,L
41,174.5,81.1,100.7,M
41,168.6,71.0,102.7,L
28,174.0,95.3,111.4,L
37,177.1,84.0,110.2,L
56,170.1,64.6,90.7,S
42,184.7,86.3,102.3,L
50,166.8,81.2,107.6,L
45,172.1,91.5,111.2,L
46,181.1,110.8,125.1,XXL
25,167.2,71.0,97.7,M
38,177.0,106.7,122.3,XL
47,172.2,96.6,113.3,XL
44,181.1,115.8,128.3,XXL
44,179.5,96.8,113.3,XL
29,169.0,77.2,104.8,L
51,192.7,69.4,84.7,XS
35,176.3,81.7,103.4,L
28,173.7,79.3,99.3,M
41,180.5,97.0,112.8,XL
26,180.4,81.3,100.9,M
26,179.8,85.2,103.4,L
40,174.5,113.9,123.2,XXL
24,169.4,74.7,100.2,M
30,182.4,97.2,105.4,L
50,173.9,82.2,104.0,L
26,177.2,96.3,114.3,XL
50,186.4,77.9,107.4,L
19,167.0,59.4,88.1,XS
28,176.0,84.7,107.6,L
27,165.5,69.1,92.5,S
39,169.6,74.1,104.7,L
21,176.1,70.4,96.8,M
43,179.0,87.7,111.3,L
44,177.7,96.4,115.2,XL
19,178.0,92.7,103.4,L
23,177.4,94.6,105.3,L
31,178.5,97.2,108.3,L
22,178.3,73.0,94.7,S
43,169.8,83.3,105.9,L
35,170.6,89.5,109.5,L
28,183.1,105.2,108.9,L
29,170.5,86.3,109.5,L
33,180.7,92.6,111.9,L
21,164.1,71.6,97.7,M
25,190.6,103.2,115.4,XL
22,174.0,87.0,106.4,L
22,181.4,119.9,119.6,XL
29,188.5,93.0,114.2,XL
24,166.0,73.3,103.7,L
25,181.3,82.9,101.9,M
28,173.1,102.8,118.2,XL
31,179.0,86.9,106.5,L
38,176.6,101.5,113.4,XL
49,174.2,82.7,100.1,M
30,178.1,95.4,108.2,L
42,177.8,94.0,110.4,L
33,166.4,59.8,90.4,S
24,166.6,88.9,113.9,XL
27,175.9,73.4,97.3,M
33,158.6,79.9,103.2,L
18,171.4,65.7,92.3,S
22,178.0,77.9,96.1,M
29,176.6,99.5,115.9,XL
40,162.8,66.4,99.8,M
26,167.8,91.0,110.7,L
25,176.7,101.3,118.2,XL
48,172.3,80.4,101.3,M
21,177.6,81.5,101.1,M
23,175.6,103.4,117.2,XL
22,168.5,58.7,83.8,XXS
19,173.3,80.9,101.8,M
22,174.0,78.7,104.3,L
46,167.9,86.7,109.8,L
30,166.7,67.4,95.6,M
30,168.0,63.1,93.6,S
40,175.8,91.0,104.7,L
52,164.3,61.6,96.8,M
29,179.0,112.1,121.6,XL
33,179.8,102.0,115.1,XL
21,170.3,97.6,114.1,XL
21,171.5,83.8,102.0,L
31,186.1,106.6,116.5,XL
26,180.4,102.9,112.1,XL
37,172.0,70.5,101.2,M
22,185.0,108.3,116.5,XL
22,165.1,57.5,86.2,XS
21,183.5,80.8,96.7,M
25,178.4,91.6,106.6,L
27,186.4,76.6,99.2,M
45,186.7,142.9,137.2,XXXL
36,174.5,94.3,117.8,XL
31,171.7,81.7,104.3,L
27,173.5,70.1,98.9,M
19,160.3,52.3,88.0,XS
37,172.9,77.5,103.1,L
22,180.1,68.7,93.9,S
20,164.8,70.3,94.2,S
31,182.3,116.7,119.4,XL
46,159.8,62.0,102.6,L
29,177.4,99.0,115.6,XL
27,187.0,109.9,113.4,XL
42,182.5,101.2,115.7,XL
35,179.2,87.5,115.9,XL
40,170.2,77.8,104.8,L
43,177.3,89.4,116.4,XL
25,176.5,67.8,90.4,S
25,179.0,81.8,104.3,L
38,182.1,88.1,113.5,XL
32,179.2,104.7,117.2,XL
35,186.5,100.9,112.7,XL
21,176.7,95.6,116.5,XL
21,167.8,68.9,92.8,S
22,172.8,90.9,111.2,L
24,174.4,115.9,120.7,XL
25,173.0,82.2,104.3,L
29,180.0,69.8,97.1,M
20,182.2,84.6,101.8,M
22,175.3,65.6,88.9,XS
28,171.9,89.2,111.3,L
23,169.6,65.9,91.4,S
21,166.0,66.2,95.0,M
19,181.9,85.8,102.5,L
20,171.3,86.7,106.9,L
20,171.8,83.4,103.8,L
25,169.5,100.9,113.9,XL
21,167.1,79.6,99.3,M
24,174.1,80.4,99.3,M
26,175.9,94.7,113.2,XL
24,177.0,82.6,103.2,L
20,181.3,99.5,110.1,L
21,173.7,92.2,106.5,L
25,154.2,63.9,96.0,M
19,179.7,72.0,94.9,S
31,168.5,77.1,101.7,M
48,170.0,80.0,102.8,L
40,161.2,78.2,109.8,L
26,175.8,73.4,94.0,S
43,166.6,110.3,120.7,XL
21,175.2,105.4,116.8,XL
26,174.9,85.1,107.4,L
22,182.4,95.9,112.3,XL
21,176.7,79.8,99.2,M
22,180.2,84.3,104.2,L
21,181.7,91.4,108.1,L
21,177.2,68.6,97.1,M
21,177.7,88.9,108.3,L
23,171.5,75.8,103.7,L
20,179.2,77.7,100.0,M
28,184.9,98.6,107.3,L
20,175.0,75.1,101.3,M
28,176.0,80.9,102.1,L
24,193.8,96.0,106.2,L
27,184.9,97.0,110.4,L
27,172.7,84.6,110.1,L
23,180.9,81.9,99.1,M
30,184.0,96.3,107.4,L
47,178.5,92.0,110.7,L
20,174.5,82.7,103.2,L
24,173.2,81.1,99.4,M
24,171.3,87.8,107.3,L
22,164.4,57.9,89.6,XS
20,178.6,96.7,112.2,XL
22,183.5,98.2,107.6,L
27,176.3,100.1,118.0,XL
26,168.7,78.4,101.4,M
25,185.5,85.8,103.2,L
20,172.0,93.3,109.7,L
26,157.2,67.5,106.1,L
26,171.5,66.8,97.7,M
29,165.8,80.2,97.5,M
34,172.0,80.4,101.3,M
20,177.7,92.5,107.2,L
24,163.8,77.8,104.9,L
41,190.2,105.7,114.7,XL
37,179.3,90.1,107.3,L
20,179.9,77.2,98.5,M
24,182.6,90.4,111.3,L
43,183.0,90.1,109.1,L
34,175.5,96.1,115.7,XL
33,186.5,101.7,114.3,XL
40,180.6,89.7,103.8,L
29,179.2,91.6,111.6,L
39,177.7,74.4,102.6,L
26,185.4,82.8,103.9,L
37,181.9,80.6,101.1,M
21,181.0,84.1,96.9,M
41,168.2,79.4,100.2,M
30,184.5,99.2,109.7,L
38,185.2,106.3,118.1,XL
35,169.1,74.9,99.9,M
26,173.8,80.4,101.1,M
37,171.1,72.6,104.1,L
22,175.2,75.6,101.0,M
33,172.9,78.3,103.7,L
30,164.0,63.9,93.3,S
37,167.0,64.3,90.8,S
29,175.9,84.6,103.4,L
42,182.8,92.0,102.6,L
31,165.1,74.0,101.7,M
32,178.5,91.6,111.2,L
29,187.1,105.1,116.1,XL
36,169.4,75.4,107.2,L
31,178.5,95.6,114.6,XL
26,170.6,68.4,94.3,S
47,170.0,72.6,100.6,M
32,159.7,72.1,102.1,L
30,182.7,96.2,109.6,L
22,173.6,65.0,92.9,S
35,179.8,96.7,114.4,XL
53,170.7,97.5,114.3,XL
37,178.1,99.2,118.2,XL
42,170.0,79.8,104.3,L
44,182.8,101.7,111.1,L
26,171.4,108.2,123.7,XXL
23,184.2,107.7,111.9,L
24,190.9,129.2,125.8,XXL
24,172.6,66.1,93.8,S
22,172.6,72.8,98.5,M
29,167.0,65.7,98.5,M
22,190.0,79.2,96.1,M
25,163.0,78.1,104.6,L
39,177.9,114.5,121.3,XL
39,184.9,115.1,120.3,XL
31,179.6,91.6,111.4,L
36,182.2,104.4,115.8,XL
25,163.5,66.4,95.2,M
37,171.0,88.4,109.5,L
38,170.3,86.6,108.8,L
29,174.9,91.2,108.6,L
35,174.2,80.2,100.8,M
37,168.7,79.6,104.6,L
38,173.1,71.7,96.8,M
31,193.1,82.1,102.1,L
39,177.5,91.6,111.6,L
36,183.0,80.9,102.5,L
42,174.0,99.7,121.3,XL
22,184.7,89.5,108.2,L
31,164.7,91.9,114.3,XL
28,192.8,96.3,112.1,XL
21,178.2,82.0,97.5,M
25,178.1,71.9,91.9,S
28,176.1,82.8,103.8,L
34,172.8,68.3,92.6,S
33,170.5,82.8,103.6,L
28,172.9,62.8,87.7,XS
31,175.2,89.4,110.5,L
38,177.6,92.8,106.1,L
29,164.3,55.5,94.8,S
28,157.0,61.8,99.0,M
31,172.5,83.4,107.4,L
24,181.0,80.6,101.8,M
25,181.4,95.5,106.9,L
35,174.4,104.1,117.4,XL
25,177.6,101.2,114.1,XL
28,181.9,134.5,129.1,XXL
30,171.5,93.7,113.1,XL
20,182.6,75.1,100.0,M
33,176.3,80.8,101.1,M
26,184.2,76.4,97.4,M
31,172.8,102.7,119.2,XL
22,182.7,87.9,103.4,L
23,168.0,87.4,104.6,L
19,182.2,100.8,110.5,L
23,161.4,71.4,102.4,L
25,175.7,70.2,100.5,M
21,174.3,92.7,113.4,XL
28,177.7,80.6,105.2,L
28,177.5,94.4,117.1,XL
34,188.9,85.7,101.9,M
25,178.8,63.8,94.3,S
30,165.7,73.6,103.5,L
33,171.3,76.9,98.8,M
39,168.5,92.7,119.7,XL
24,177.4,93.7,112.8,XL
34,173.7,94.0,113.2,XL
21,179.0,106.0,109.5,L
20,174.7,79.9,105.4,L
30,187.7,95.4,108.2,L
27,185.4,110.3,126.7,XXL
24,185.4,97.4,113.1,XL
22,179.9,118.0,124.8,XXL
27,164.2,76.0,103.2,L
38,178.4,99.7,116.7,XL
34,173.9,91.8,111.4,L
32,173.0,87.0,105.4,L
33,175.6,87.3,109.6,L
25,175.7,71.7,100.5,M
31,176.8,99.2,117.0,XL
31,168.8,77.9,98.7,M
37,180.5,119.3,125.7,XXL
33,172.5,80.3,103.1,L
31,181.7,91.6,105.8,L
34,187.9,90.8,107.7,L
41,173.4,86.1,109.5,L
38,178.8,101.1,120.5,XL
31,180.7,76.9,103.5,L
23,172.7,63.0,91.2,S
23,175.5,98.4,111.4,L
25,187.2,83.5,103.4,L
29,171.7,65.1,93.6,S
25,181.0,111.5,122.3,XL
46,170.3,78.0,101.9,M
34,179.0,89.1,105.9,L
40,170.5,92.0,108.8,L
40,183.3,74.1,99.8,M
27,182.9,116.1,119.8,XL
27,184.2,90.2,102.3,L
21,162.0,71.0,98.9,M
21,172.1,70.4,94.4,S
22,172.8,65.3,93.2,S
26,176.7,64.6,92.2,S
26,169.7,82.3,108.3,L
35,163.4,65.5,100.8,M
27,177.2,92.1,112.8,XL
25,187.7,74.1,101.3,M
26,178.2,73.7,100.9,M
25,180.0,103.5,119.7,XL
25,175.4,81.1,105.4,L
27,191.0,125.3,118.2,XL
41,172.3,82.1,110.9,L
21,165.1,69.5,100.0,M
38,188.6,117.6,125.7,XXL
23,166.8,79.6,104.7,L
37,168.8,76.1,102.3,L
32,179.5,70.1,99.5,M
22,174.4,82.4,102.9,L
40,169.3,95.3,112.3,XL
23,167.8,61.0,93.1,S
23,174.0,97.2,108.8,L
27,172.3,88.1,111.3,L
24,173.4,74.9,102.6,L
26,186.8,99.8,110.7,L
29,167.7,93.9,113.8,XL
27,167.8,103.0,125.3,XXL
23,177.9,119.4,126.0,XXL
38,175.3,88.6,113.4,XL
22,182.9,90.8,103.1,L
29,190.0,104.0,111.6,L
25,181.6,83.1,102.4,L
29,187.1,124.0,124.3,XXL
38,170.2,69.7,107.5,L
25,175.4,75.7,98.0,M
25,165.9,93.2,119.0,XL
29,172.5,73.5,101.7,M
40,171.7,111.6,123.9,XXL
29,177.0,92.0,111.9,L
45,185.0,70.0,93.9,S
42,177.9,90.6,109.4,L
37,184.9,102.5,119.6,XL
37,180.9,109.9,121.9,XL
22,171.0,76.5,100.8,M
20,171.5,99.0,114.6,XL
26,162.9,78.0,101.6,M
30,167.4,82.5,107.4,L
36,183.4,102.8,114.7,XL
27,181.3,95.8,109.2,L
26,176.9,91.8,109.6,L
45,185.3,112.7,126.0,XXL
50,175.0,78.1,97.6,M
26,172.1,63.4,90.6,S
29,170.6,99.8,117.2,XL
30,167.3,64.7,94.7,S
30,171.5,69.0,94.9,S
31,177.0,83.5,106.3,L
33,168.2,66.1,96.2,M
31,178.2,84.4,99.4,M
23,174.8,83.9,102.6,L
23,189.5,137.1,128.5,XXL
22,178.2,88.8,102.3,L
43,169.9,64.7,95.2,M
47,185.9,71.9,93.1,S
32,176.3,82.7,106.2,L
27,179.0,90.3,105.8,L
22,179.9,105.7,116.5,XL
29,181.9,116.2,120.4,XL
36,171.6,86.0,104.8,L
40,173.2,96.3,119.9,XL
22,182.3,104.5,113.5,XL
22,164.1,88.2,110.8,L
22,170.4,87.4,103.7,L
29,189.0,122.5,128.9,XXL
19,165.3,72.3,99.1,M
22,180.3,77.3,94.9,S
41,168.3,78.6,107.2,L
29,182.2,97.2,108.5,L
26,181.2,105.2,114.1,XL
43,179.0,85.5,106.3,L
37,179.7,98.2,111.7,L
21,179.6,69.4,92.2,S
35,165.4,96.8,114.3,XL
21,171.4,82.1,103.2,L
30,177.4,91.0,102.9,L
32,174.4,94.0,111.9,L
19,186.3,104.1,108.4,L
34,177.2,99.6,114.3,XL
26,178.8,99.6,115.6,XL
20,170.9,70.5,99.0,M
26,169.2,67.0,97.8,M
25,180.9,107.3,112.8,XL
31,170.8,96.1,115.1,XL
39,171.0,59.9,88.7,XS
38,174.6,85.9,107.4,L
23,179.8,97.1,111.4,L
27,176.5,90.6,108.5,L
20,177.2,72.1,92.5,S
35,184.2,98.1,114.2,XL
28,179.2,88.6,111.6,L
36,172.8,68.9,99.3,M
39,182.5,81.8,103.4,L
40,173.2,95.2,115.3,XL
29,187.0,88.2,106.9,L
31,164.9,90.5,114.0,XL
30,170.1,94.1,110.6,L
26,180.0,67.0,90.4,S
28,174.5,84.8,105.4,L
26,165.4,83.3,102.0,L
29,184.7,86.1,100.5,M
23,173.5,83.2,107.6,L
39,173.4,84.8,103.8,L
31,194.2,97.2,104.7,L
22,191.9,84.7,93.8,S
25,174.2,97.7,107.8,L
36,176.6,119.5,127.5,XXL
26,168.6,58.5,93.6,S
27,189.0,114.4,119.4,XL
32,175.1,97.5,112.7,XL
34,175.2,77.5,102.2,L
26,184.7,89.7,101.8,M
25,177.4,93.8,111.7,L
39,188.2,110.6,123.7,XXL
24,179.4,89.4,102.7,L
38,194.0,101.1,108.2,L
23,191.1,118.0,116.7,XL
20,178.8,79.1,97.8,M
26,177.4,127.3,124.1,XXL
44,166.0,85.4,109.5,L
25,171.3,76.8,107.9,L
33,176.7,83.7,104.2,L
31,178.1,85.9,102.8,L
30,177.3,94.0,110.1,L
27,180.4,96.6,112.4,XL
37,170.2,65.3,95.9,M
27,180.9,77.3,100.6,M
28,179.7,123.5,132.7,XXL
23,187.9,84.2,101.1,M
26,186.2,101.2,111.4,L
23,176.7,77.5,100.0,M
23,177.1,94.0,116.7,XL
22,174.8,95.8,108.8,L
36,170.3,76.0,106.2,L
26,174.3,90.6,112.3,XL
27,179.8,97.3,109.0,L
25,188.9,112.9,122.6,XL
19,179.2,89.5,110.8,L
27,174.1,64.0,92.2,S
22,167.9,74.5,103.1,L
27,180.3,82.3,109.5,L
28,170.2,88.2,106.7,L
46,170.7,58.2,93.5,S
22,180.7,102.6,116.9,XL
28,177.4,82.5,101.6,M
29,177.4,72.2,98.1,M
20,179.5,89.6,110.4,L
28,178.7,57.2,90.8,S
28,174.3,95.8,114.6,XL
28,183.5,80.8,99.7,M
28,183.8,82.4,103.2,L
26,174.5,76.1,97.7,M
18,179.8,88.7,101.6,M
23,172.0,68.2,94.2,S
25,168.7,102.5,123.2,XXL
38,184.4,86.0,103.7,L
19,169.3,64.5,93.3,S
46,167.4,74.3,98.7,M
31,178.6,82.5,97.2,M
21,174.0,68.8,95.7,M
26,182.7,88.9,105.7,L
40,178.3,100.7,114.5,XL
25,186.8,84.6,102.3,L
37,185.8,89.2,107.6,L
35,169.6,77.3,98.6,M
23,183.6,100.5,113.6,XL
27,172.1,87.5,106.9,L
26,176.7,65.0,92.6,S
24,176.9,61.1,92.2,S
22,163.8,72.1,98.8,M
42,157.2,59.2,98.1,M
22,187.8,118.6,122.4,XL
19,173.0,61.3,88.6,XS
24,171.4,90.1,112.3,XL
29,172.2,83.2,106.5,L
22,171.0,89.5,112.6,XL
26,183.8,67.0,90.6,S
22,183.0,101.6,113.7,XL
23,182.2,83.3,101.8,M
35,183.6,105.1,120.7,XL
22,172.0,70.4,98.8,M
33,176.5,83.6,106.4,L
20,176.0,68.2,93.6,S
31,179.3,77.5,98.5,M
39,172.5,85.1,112.8,XL
40,178.3,81.7,100.8,M
44,183.2,92.2,114.1,XL
46,177.4,88.3,109.4,L
43,173.5,76.1,104.3,L
26,177.3,80.6,103.5,L
27,181.0,91.8,110.0,L
22,164.1,88.8,111.8,L
26,176.2,68.6,96.2,M
30,173.0,72.0,94.1,S
21,174.2,92.0,109.8,L
19,175.6,69.8,96.8,M
22,171.3,82.8,99.3,M
30,176.9,99.7,109.2,L
22,185.0,88.0,103.9,L
29,180.2,85.6,105.6,L
20,175.3,63.4,92.2,S
22,169.4,67.7,98.8,M
27,174.0,84.2,102.7,L
37,157.2,65.8,98.1,M
30,169.6,72.4,102.3,L
41,182.8,90.3,106.4,L
47,175.4,86.3,109.3,L
48,168.2,77.8,103.4,L
37,178.9,80.1,102.0,L
42,189.0,119.7,122.4,XL
35,182.8,89.7,107.7,L
20,176.3,76.3,95.8,M
20,177.6,75.3,93.9,S
23,173.8,95.6,114.1,XL
45,165.7,58.3,91.8,S
21,175.8,91.9,111.2,L
21,181.2,81.3,100.5,M
21,169.1,74.5,104.2,L
25,173.7,63.4,93.0,S
20,175.5,82.1,100.0,M
25,166.2,56.5,86.6,XS
23,172.5,94.5,112.4,XL
40,181.7,87.3,107.2,L
38,180.7,99.5,110.7,L
38,183.0,92.6,113.1,XL
30,183.1,69.4,92.3,S
19,169.3,57.8,89.2,XS
22,179.2,81.6,101.2,M
20,182.8,87.5,102.1,L
21,174.7,95.2,110.7,L
21,184.0,90.0,106.1,L
27,182.8,91.0,107.0,L
25,187.1,125.8,128.0,XXL
21,175.0,103.1,114.6,XL
24,176.3,72.9,99.4,M
20,168.7,86.4,110.8,L
34,180.5,97.6,114.6,XL
26,172.8,76.5,102.9,L
24,165.9,79.5,104.6,L
20,169.0,73.7,98.8,M
26,176.9,72.2,97.1,M
23,183.5,84.1,101.8,M
27,177.7,113.0,119.7,XL
29,179.6,111.0,114.8,XL
27,182.4,108.3,118.7,XL
21,181.9,78.9,96.3,M
29,172.9,81.2,101.1,M
20,180.3,106.3,114.3,XL
37,173.5,69.5,97.3,M
20,179.4,90.2,112.7,XL
37,184.4,118.9,124.9,XXL
26,189.0,125.1,116.2,XL
26,168.9,60.0,85.6,XS
25,193.7,133.7,128.5,XXL
23,182.2,101.2,110.2,L
24,174.2,92.0,104.1,L
20,177.3,104.4,110.8,L
36,168.3,88.4,110.7,L
20,182.2,76.7,100.5,M
39,176.3,95.1,117.0,XL
22,170.8,77.1,97.8,M
54,163.9,81.9,108.8,L
50,172.8,97.0,114.6,XL
29,171.4,73.4,99.7,M
30,185.3,107.4,119.5,XL
54,170.0,89.3,115.4,XL
47,174.9,80.1,106.3,L
30,185.5,102.0,118.3,XL
45,174.8,95.1,116.4,XL
26,173.4,58.7,86.1,XS
41,176.7,88.8,114.1,XL
28,178.4,92.1,105.6,L
35,175.4,76.1,111.9,L
41,172.7,80.2,106.0,L
25,170.6,87.6,106.6,L
42,183.0,105.2,117.2,XL
27,173.3,84.4,106.2,L
25,184.7,93.1,107.6,L
35,167.6,85.7,111.7,L
27,172.1,84.6,102.5,L
20,169.4,74.9,99.0,M
32,176.3,75.6,94.6,S
49,177.9,91.6,110.2,L
47,179.3,89.2,103.4,L
31,194.8,112.7,115.3,XL
37,187.5,98.3,114.1,XL
52,169.4,68.2,93.8,S
32,169.6,67.2,97.5,M
55,174.3,93.3,114.1,XL
31,183.5,74.4,96.8,M
36,166.8,88.9,113.6,XL
27,168.7,68.4,101.2,M
38,174.4,86.9,109.1,L
47,171.2,107.6,121.7,XL
35,157.0,87.3,110.6,L
20,168.6,83.0,102.2,L
54,190.0,107.2,115.2,XL
36,168.7,66.5,96.4,M
43,182.7,116.0,120.2,XL
43,165.2,97.4,116.2,XL
19,173.3,69.9,91.8,S
25,188.9,100.3,114.7,XL
20,172.2,76.8,97.3,M
35,175.8,88.2,111.8,L
41,171.7,98.0,116.1,XL
23,171.7,91.9,111.5,L
32,176.3,89.6,106.8,L
20,181.5,81.4,96.2,M
41,173.5,90.2,112.2,XL
43,179.4,104.6,110.7,L
19,156.8,63.9,98.9,M
19,171.1,63.3,96.6,M
39,174.3,108.2,121.7,XL
20,172.3,75.2,99.5,M
48,180.9,92.5,108.0,L
34,183.0,83.0,102.3,L
46,176.0,82.2,110.8,L
19,171.4,73.7,98.0,M
47,171.0,92.7,109.3,L
54,173.1,89.0,105.7,L
41,172.4,66.2,93.9,S
23,163.8,61.6,91.4,S
43,164.9,85.1,108.3,L
38,176.8,102.8,118.2,XL
41,181.8,99.0,114.6,XL
49,184.0,107.4,121.3,XL
37,172.7,112.2,121.6,XL
50,174.2,80.5,103.1,L
22,170.0,69.1,96.8,M
48,172.2,84.2,107.4,L
23,180.9,84.9,106.6,L
32,169.5,66.4,100.2,M
24,164.9,58.5,91.3,S
42,171.9,80.9,104.6,L
27,173.1,87.1,108.1,L
23,177.3,118.9,128.4,XXL
42,177.0,102.9,119.4,XL
33,177.3,102.6,115.8,XL
24,176.3,94.0,108.6,L
36,181.4,94.4,110.3,L
29,180.5,85.6,103.7,L
41,183.8,100.0,114.7,XL
40,188.4,88.3,104.7,L
42,181.1,100.5,116.4,XL
41,166.9,93.8,113.9,XL
35,178.7,80.4,102.2,L
20,178.0,86.7,102.0,L
34,173.2,106.3,120.9,XL
28,160.4,70.5,93.2,S
44,177.0,102.1,118.1,XL
31,173.2,70.7,97.5,M
24,168.8,85.9,109.8,L
22,171.0,64.3,95.2,M
20,179.2,62.3,87.9,XS
24,186.7,99.7,105.4,L
23,182.5,85.1,105.9,L
39,180.8,81.2,99.9,M
25,178.9,97.2,110.4,L
31,175.4,73.7,93.9,S
22,174.2,81.6,101.6,M
23,171.5,71.4,96.2,M
20,158.5,62.7,95.9,M
25,189.7,84.7,104.2,L
19,177.2,60.9,85.5,XS
20,173.8,67.5,95.7,M
43,173.8,80.2,107.2,L
38,170.5,102.0,120.3,XL
21,176.4,61.8,89.5,XS
19,173.3,80.2,100.2,M
20,175.6,70.8,102.4,L
34,182.0,85.2,105.9,L
45,160.8,81.3,107.8,L
26,174.1,88.3,107.4,L
21,190.2,126.8,121.3,XL
19,168.0,63.1,91.0,S
21,179.0,62.1,91.5,S
20,182.5,107.6,120.9,XL
24,180.1,116.2,120.2,XL
24,175.2,92.2,107.3,L
25,168.9,74.3,99.5,M
33,184.5,86.6,105.6,L
39,163.8,72.8,105.0,L
31,166.3,78.0,101.7,M
40,180.7,83.6,107.1,L
24,175.8,72.9,96.3,M
35,171.8,86.0,107.2,L
21,174.6,100.6,109.4,L
20,164.6,73.1,98.4,M
36,175.7,94.7,107.8,L
19,185.3,72.0,89.5,XS
37,170.3,88.2,110.6,L
23,185.0,83.0,100.8,M
44,168.4,106.5,125.6,XXL
21,174.5,90.4,108.4,L
20,181.4,72.4,95.3,M
25,164.2,65.9,93.7,S
30,187.5,99.6,114.4,XL
18,176.1,73.4,92.5,S
18,178.8,77.7,96.8,M
20,172.6,62.1,92.6,S
28,166.0,76.6,99.8,M
28,159.8,69.3,101.6,M
38,171.9,86.7,106.5,L
44,169.2,90.6,117.0,XL
37,174.1,85.1,106.7,L
34,176.0,78.1,100.8,M
51,174.6,99.4,119.9,XL
24,173.9,93.2,112.9,XL
41,176.0,102.8,125.0,XXL
45,175.0,82.2,107.2,L
45,174.2,93.2,112.2,XL
41,180.3,126.0,126.9,XXL
48,176.6,77.9,102.0,L
31,183.0,90.1,106.7,L
41,174.8,115.7,124.8,XXL
38,176.2,92.5,113.0,XL
42,171.4,82.8,107.6,L
34,171.6,79.8,103.5,L
40,167.7,109.2,121.3,XL
42,171.4,100.1,117.8,XL
49,182.0,87.3,109.6,L
39,175.3,89.4,112.2,XL
36,178.4,105.2,116.2,XL
20,175.8,84.7,100.6,M
22,165.9,74.4,105.1,L
21,179.3,82.0,100.3,M
28,172.7,111.9,120.2,XL
25,177.7,128.7,128.5,XXL
42,188.5,105.0,116.6,XL
23,171.6,69.4,95.7,M
30,163.4,66.2,95.7,M
36,176.3,130.7,137.4,XXXL
34,177.5,95.3,111.7,L
20,182.3,78.1,91.7,S
41,181.6,86.8,106.6,L
24,188.6,92.3,97.9,M
24,170.0,85.0,106.4,L
20,175.9,83.5,103.1,L
20,172.0,64.6,91.9,S
20,171.6,85.8,109.8,L
21,174.1,74.2,100.0,M
22,173.0,88.7,111.2,L
32,177.3,105.7,112.4,XL
30,166.5,73.6,96.5,M
22,174.7,69.6,99.7,M
23,177.9,113.7,119.2,XL
35,162.9,58.4,91.0,S
24,165.6,72.0,99.8,M
25,174.9,100.9,114.5,XL
19,185.8,81.6,96.1,M
47,176.9,92.1,112.0,XL
31,183.7,90.7,108.3,L
31,169.1,81.3,106.2,L
43,177.5,91.4,105.8,L
19,174.3,91.8,106.7,L
26,172.1,95.7,112.7,XL
24,162.9,67.5,98.5,M
34,167.2,75.2,104.4,L
37,165.9,81.4,102.5,L
21,189.6,77.1,93.9,S
21,173.0,77.4,100.5,M
19,168.4,71.2,97.4,M
23,175.7,84.4,108.2,L
19,174.7,94.6,117.9,XL
21,164.6,67.4,96.7,M
30,174.4,89.0,105.1,L
25,179.8,90.2,108.2,L
32,188.3,135.4,131.3,XXL
25,183.7,102.0,116.2,XL
21,166.3,64.6,92.8,S
19,183.2,83.1,100.7,M
23,184.5,88.8,107.4,L
43,175.4,85.0,106.9,L
31,186.7,87.0,108.1,L
20,181.9,103.0,116.2,XL
22,177.1,90.9,105.5,L
44,181.4,69.1,100.4,M
19,179.0,77.8,99.4,M
19,182.3,77.8,97.4,M
23,180.7,86.6,103.4,L
42,187.1,100.1,108.5,L
19,164.5,62.0,95.2,M
18,176.2,69.2,93.4,S
19,173.5,66.0,93.8,S
40,179.7,112.9,121.4,XL
31,175.1,79.7,102.4,L
20,174.5,73.2,96.9,M
23,177.8,75.1,97.7,M
36,172.3,71.3,96.4,M
41,169.2,91.2,115.6,XL
24,174.9,93.2,110.0,L
23,172.5,76.6,101.2,M
28,177.7,77.1,99.4,M
24,172.8,79.4,101.6,M
41,165.8,78.9,106.1,L
23,165.6,76.1,103.1,L
27,169.8,75.3,103.6,L
35,176.5,98.1,118.3,XL
37,171.0,85.8,104.4,L
30,176.6,86.6,108.4,L
42,174.3,101.0,122.2,XL
31,174.4,124.0,121.4,XL
34,180.5,101.4,114.4,XL
26,178.3,113.8,119.7,XL
50,170.1,89.8,110.4,L
26,195.5,117.8,114.3,XL
28,182.3,126.3,128.8,XXL
37,181.6,105.4,116.1,XL
22,176.2,72.7,94.9,S
23,161.9,66.0,93.6,S
47,161.4,74.6,98.2,M
49,165.4,71.3,101.2,M
42,179.1,83.8,103.9,L
45,173.7,70.8,93.7,S
45,169.4,90.6,113.7,XL
25,177.4,75.4,98.2,M
39,179.8,93.0,115.2,XL
26,183.4,111.1,122.8,XL
19,186.0,89.5,102.7,L
21,166.4,69.4,97.8,M
24,180.3,93.5,115.2,XL
22,177.4,68.0,98.3,M
21,174.8,94.2,104.7,L
23,185.9,89.6,109.1,L
20,165.5,76.2,107.3,L
38,163.4,79.9,106.2,L
23,177.4,109.6,117.4,XL
32,176.2,97.6,111.2,L
22,175.7,89.0,106.6,L
22,178.5,76.2,98.6,M
21,174.6,75.6,98.6,M
23,162.2,71.7,99.8,M
30,171.2,82.2,105.6,L
36,165.7,95.1,111.2,L
31,178.4,86.7,104.2,L
21,175.0,76.1,101.7,M
30,176.0,77.2,99.6,M
33,179.0,94.1,114.7,XL
26,172.1,70.8,95.9,M
25,182.0,92.2,108.0,L
23,180.9,109.6,120.1,XL
21,174.9,66.8,94.7,S
27,177.1,110.3,113.9,XL
36,170.7,89.7,108.4,L
19,162.2,65.5,95.3,M
18,171.4,63.0,90.7,S
21,173.9,77.0,97.5,M
19,180.3,95.1,113.3,XL
34,180.1,69.6,94.4,S
22,182.7,94.1,111.5,L
21,175.0,64.4,93.2,S
24,184.4,101.2,116.4,XL
20,184.6,76.5,92.0,S
27,185.4,90.1,104.6,L
19,160.4,68.5,101.7,M
25,168.7,60.7,90.7,S
36,165.9,70.2,103.0,L
25,173.6,59.5,91.8,S
21,171.3,70.5,98.9,M
22,168.2,70.4,97.3,M
23,172.9,89.4,108.3,L
20,166.2,80.4,105.8,L
25,176.6,92.4,118.4,XL
26,169.2,97.8,112.3,XL
19,179.0,86.7,103.4,L
21,173.8,77.5,100.0,M
35,160.2,76.0,106.6,L
19,183.9,84.4,105.8,L
20,179.4,87.2,105.4,L
28,170.4,90.7,111.6,L
19,184.5,84.8,100.2,M
28,179.6,101.7,113.1,XL
24,164.0,82.9,109.1,L
29,174.8,84.0,110.2,L
28,179.9,95.7,107.9,L
33,197.0,120.5,118.8,XL
37,171.7,78.1,99.8,M
22,169.7,63.9,89.4,XS
37,160.4,85.5,113.9,XL
27,185.6,130.1,119.8,XL
28,161.1,69.8,97.8,M
48,172.7,99.2,114.0,XL
35,172.8,113.0,115.9,XL
30,176.0,81.0,97.6,M
19,166.1,58.1,86.8,XS
35,177.2,100.1,115.7,XL
24,170.7,72.9,97.7,M
29,169.0,77.9,103.1,L
29,172.7,79.1,102.9,L
26,177.5,104.2,121.6,XL
23,168.1,86.2,100.9,M
31,175.7,94.8,112.9,XL
20,174.9,85.9,108.1,L
33,168.5,82.9,98.5,M
31,172.4,87.0,107.0,L
26,184.6,72.4,95.3,M
22,175.4,99.2,112.2,XL
21,176.3,76.9,96.9,M
25,178.3,120.0,127.8,XXL
27,163.0,69.4,98.6,M
24,169.4,89.4,110.2,L
27,175.0,90.3,112.7,XL
32,170.3,67.7,89.0,XS
26,171.1,81.1,99.6,M
26,175.4,75.3,104.3,L
39,183.7,86.9,104.9,L
24,182.8,97.5,110.0,L
24,176.2,85.2,102.0,L
20,165.4,80.3,105.5,L
23,176.1,74.9,96.2,M
41,172.0,81.0,101.9,M
22,173.7,69.6,91.8,S
31,164.8,64.4,96.8,M
21,174.1,73.6,101.4,M
30,167.5,73.0,98.4,M
23,169.5,77.2,100.7,M
20,177.2,86.8,102.6,L
21,174.7,101.5,117.3,XL
21,169.0,80.2,105.8,L
21,178.4,84.0,98.4,M
21,182.3,80.7,101.0,M
24,181.4,120.2,116.1,XL
22,192.3,96.2,113.1,XL
21,180.2,67.6,92.2,S
21,173.0,88.0,110.8,L
27,171.2,78.4,102.8,L
19,172.5,61.5,95.7,M
22,170.0,75.2,96.6,M
19,177.0,65.7,91.7,S
27,189.9,68.6,90.2,S
23,182.5,86.5,110.1,L
26,177.9,74.6,95.6,M
20,176.0,77.5,100.7,M
19,180.6,72.0,95.5,M
26,173.4,64.1,97.1,M
26,181.3,84.2,99.3,M
20,182.3,73.3,96.0,M
22,176.8,95.5,112.1,XL
23,174.1,121.9,125.5,XXL
20,180.4,84.7,100.7,M
22,183.1,89.6,107.1,L
23,181.9,115.8,117.2,XL
39,173.9,85.7,105.3,L
21,171.6,67.2,98.4,M
21,166.4,89.3,107.1,L
33,167.4,97.7,116.3,XL
32,176.3,82.2,108.5,L
40,176.1,83.0,101.9,M
21,175.1,86.9,105.8,L
20,173.8,76.0,99.3,M
26,161.0,80.1,103.4,L
24,176.7,68.9,90.9,S
23,164.9,69.5,102.8,L
34,166.0,79.3,104.7,L
28,186.3,99.4,112.9,XL
26,168.8,86.9,104.4,L
26,186.1,80.6,102.1,L
27,172.5,98.6,110.1,L
22,170.2,86.8,106.6,L
30,172.1,76.1,99.6,M
40,185.3,71.9,93.4,S
23,165.2,72.7,98.7,M
24,182.7,126.5,130.2,XXL
22,170.9,81.8,112.1,XL
26,172.7,87.5,110.0,L
21,172.1,80.1,107.1,L
29,183.3,112.3,116.3,XL
23,178.6,72.5,95.1,M
38,163.9,77.5,101.6,M
28,168.9,63.7,89.0,XS
31,172.0,81.9,104.2,L
29,175.1,101.3,114.8,XL
30,163.3,93.2,107.7,L
36,168.7,95.6,114.9,XL
26,181.6,107.8,115.8,XL
27,177.7,82.0,100.3,M
39,179.6,81.4,101.1,M
31,181.8,104.0,115.8,XL
30,176.7,90.8,107.4,L
26,166.9,92.7,106.8,L
40,168.9,77.5,103.6,L
30,171.3,76.4,98.0,M
19,178.1,70.2,94.0,S
26,175.6,87.4,104.4,L
26,167.4,72.7,98.1,M
37,164.4,71.3,100.6,M
22,183.8,71.4,101.1,M
22,173.3,75.0,99.6,M
31,168.1,81.2,107.2,L
28,182.1,108.4,115.8,XL
34,171.3,93.7,118.1,XL
28,170.4,83.5,103.2,L
27,178.5,119.7,120.4,XL
27,179.3,100.4,108.4,L
49,180.3,99.8,108.6,L
31,172.5,92.9,105.8,L
29,166.6,91.2,108.1,L
36,168.7,78.6,98.5,M
20,176.8,78.0,97.0,M
29,162.6,66.3,94.2,S
23,168.4,64.2,94.3,S
20,175.1,91.3,108.2,L
24,185.2,85.8,101.4,M
28,162.4,64.7,95.5,M
21,172.3,77.7,100.5,M
21,177.5,114.6,120.1,XL
18,178.4,59.1,85.8,XS
19,166.2,55.2,84.8,XS
48,171.9,85.8,103.0,L
35,181.4,114.3,123.6,XXL
20,187.7,107.8,114.8,XL
33,165.3,81.1,103.3,L
38,175.7,83.7,108.2,L
34,171.8,87.8,106.3,L
25,184.2,73.2,94.9,S
33,186.3,73.2,98.2,M
20,196.6,87.3,101.4,M
33,178.6,123.1,129.0,XXL
30,168.9,68.5,93.3,S
34,170.0,91.6,109.8,L
22,173.0,78.6,101.7,M
21,178.1,78.3,103.6,L
25,164.7,69.0,94.4,S
33,169.8,63.3,90.9,S
19,167.1,80.0,98.0,M
44,181.2,74.9,94.9,S
37,171.5,72.1,96.4,M
22,180.7,84.5,99.7,M
21,174.8,75.9,100.1,M
41,179.5,76.5,102.5,L
22,168.8,117.8,122.1,XL
51,185.4,83.5,100.6,M
20,181.6,64.4,88.8,XS
41,176.0,79.1,104.3,L
47,169.4,91.9,118.9,XL
32,175.7,74.4,99.8,M
25,179.9,81.9,106.3,L
25,176.5,118.1,125.4,XXL
26,167.4,69.7,100.9,M
37,181.9,107.1,115.5,XL
39,172.9,109.0,125.5,XXL
29,176.1,92.5,105.5,L
22,189.9,102.6,106.5,L
22,186.4,119.6,123.3,XXL
24,188.1,88.2,101.2,M
36,174.6,63.4,90.0,S
24,179.8,84.0,104.2,L
31,177.3,99.1,111.2,L
24,178.4,67.7,92.0,S
28,174.0,104.7,119.2,XL
25,197.9,92.2,100.5,M
29,174.4,82.2,104.0,L
27,179.4,89.9,110.2,L
39,163.7,85.0,112.0,XL
19,173.7,60.1,89.6,XS
26,166.6,120.6,125.8,XXL
27,178.0,81.6,104.5,L
31,174.0,78.3,104.3,L
28,174.8,90.6,109.2,L
21,166.7,81.7,110.9,L
23,178.1,87.2,107.6,L
26,175.6,84.8,103.7,L
24,169.4,86.9,104.7,L
25,179.0,110.8,120.2,XL
27,173.6,97.4,110.9,L
29,183.6,103.9,112.9,XL
25,174.0,77.6,99.4,M
34,175.0,71.8,97.4,M
25,177.0,88.4,107.7,L
22,180.7,59.6,82.6,XXS
25,162.3,60.5,93.1,S
30,174.2,79.6,103.2,L
26,180.6,78.6,105.0,L
22,178.7,102.1,119.2,XL
26,175.0,95.5,111.6,L
21,165.2,62.9,95.3,M
19,184.0,76.0,97.9,M
20,178.2,68.7,92.8,S
24,177.9,92.2,110.6,L
24,166.5,67.8,99.3,M
20,169.0,71.5,97.6,M
42,160.9,78.5,107.0,L
25,188.8,73.2,91.7,S
20,169.7,73.9,102.3,L
22,181.8,72.3,93.4,S
23,178.0,85.7,107.4,L
21,179.1,70.0,97.9,M
21,182.8,76.0,98.0,M
24,167.4,71.7,98.4,M
44,171.6,96.5,116.1,XL
37,177.8,88.0,107.7,L
21,179.7,76.5,100.2,M
31,172.3,97.4,114.1,XL
30,178.4,84.6,105.2,L
23,168.8,73.4,105.9,L
34,174.5,80.4,102.4,L
20,170.8,70.8,93.8,S
33,177.9,88.0,110.6,L
20,168.5,71.5,98.7,M
32,184.1,101.4,114.3,XL
26,164.0,77.5,109.7,L
34,176.2,108.9,123.3,XXL
20,180.4,96.5,106.3,L
22,173.6,86.4,105.3,L
21,180.4,73.8,98.6,M
22,172.0,74.1,101.1,M
22,177.9,93.4,107.7,L
32,179.5,76.7,100.4,M
36,170.3,80.9,103.3,L
19,169.9,79.7,102.7,L
25,180.9,104.6,114.2,XL
21,166.6,78.7,101.7,M
21,177.7,79.8,102.1,L
21,163.4,77.4,103.7,L
23,182.2,76.6,99.4,M
27,172.2,80.8,109.5,L
21,164.0,69.0,101.2,M
22,157.7,69.5,102.9,L
26,165.0,72.6,101.4,M
28,174.3,59.0,88.3,XS
21,176.4,87.2,102.4,L
32,194.5,101.7,109.8,L
33,176.5,87.3,104.4,L
22,172.5,77.1,105.6,L
24,182.7,114.6,125.2,XXL
28,175.9,88.0,108.3,L
24,178.1,103.5,116.2,XL
24,167.3,98.8,116.2,XL
25,178.7,99.2,110.4,L
32,179.8,88.4,108.4,L
20,172.0,78.8,100.2,M
22,179.0,75.0,96.6,M
38,167.8,75.3,102.3,L
32,175.7,93.5,113.1,XL
29,174.0,82.6,104.2,L
45,169.6,78.9,113.8,XL
27,179.1,87.4,105.2,L
19,169.4,79.7,100.4,M
29,167.9,63.9,99.2,M
26,173.3,82.8,100.8,M
23,181.4,72.2,93.3,S
21,170.9,96.7,109.0,L
30,174.6,97.0,118.3,XL
24,180.0,81.9,102.4,L
30,171.6,94.6,113.3,XL
26,173.5,77.5,102.5,L
21,169.2,68.6,95.1,M
19,169.7,79.9,102.3,L
23,182.6,71.9,96.2,M
26,174.0,84.1,110.8,L
24,175.2,64.3,95.5,M
25,182.8,94.8,109.9,L
24,170.7,66.9,92.0,S
30,172.1,82.3,105.2,L
20,185.2,76.8,98.2,M
43,165.1,81.5,105.4,L
29,170.7,83.8,110.2,L
28,179.5,76.8,98.8,M
26,170.7,69.5,96.3,M
22,167.9,69.2,95.2,M
27,173.5,95.9,108.9,L
31,173.1,83.0,106.4,L
30,170.9,93.7,110.5,L
26,168.3,90.3,109.7,L
25,180.2,64.0,97.3,M
19,172.3,78.7,103.5,L
23,172.1,111.2,117.6,XL
24,178.3,83.7,101.9,M
24,161.8,66.0,97.7,M
33,172.1,78.1,101.4,M
21,182.9,82.1,103.2,L
32,165.3,92.2,112.3,XL
23,180.4,74.1,99.6,M
24,178.5,71.8,92.4,S
22,177.1,83.6,100.9,M
21,167.6,72.5,93.4,S
26,164.6,64.5,97.6,M
28,185.9,76.6,96.4,M
19,171.0,74.4,95.7,M
25,178.9,63.3,93.8,S
27,173.7,77.5,99.2,M
27,162.4,53.5,89.0,XS
23,167.0,77.0,101.1,M
24,167.6,84.7,108.4,L
20,169.2,96.3,115.0,XL
22,162.2,76.2,98.6,M
23,176.0,80.7,108.2,L
23,168.7,104.9,126.3,XXL
25,170.5,66.7,92.3,S
24,181.0,86.9,105.8,L
22,183.1,100.7,111.9,L
26,166.3,75.8,99.3,M
28,180.9,88.9,103.8,L
37,179.1,90.2,103.5,L
29,167.8,73.5,101.9,M
31,183.2,93.0,113.5,XL
23,172.6,76.6,100.1,M
23,175.5,88.8,107.8,L
30,181.3,78.8,101.8,M
30,183.5,96.8,109.2,L
22,169.0,65.8,94.8,S
21,174.9,71.6,95.6,M
27,187.1,86.0,107.6,L
24,187.5,85.2,102.0,L
24,173.0,81.1,106.4,L
24,185.0,100.0,112.1,XL
23,166.3,78.4,100.5,M
21,185.4,75.8,99.3,M
19,168.8,56.9,87.0,XS
28,179.9,108.1,116.1,XL
23,177.2,93.3,111.9,L
23,182.6,101.0,111.0,L
21,173.3,75.0,99.1,M
31,167.3,73.6,103.1,L
28,171.3,75.5,100.4,M
29,170.0,79.6,101.2,M
24,177.5,74.2,97.9,M
35,170.4,86.3,104.3,L
20,183.8,79.5,98.9,M
20,175.2,75.3,97.7,M
22,179.0,90.0,102.7,L
30,168.8,67.2,98.6,M
30,168.4,90.4,114.1,XL
26,175.9,114.4,119.5,XL
24,168.4,78.5,105.3,L
20,175.5,75.4,96.8,M
25,171.8,95.2,113.4,XL
36,174.5,97.8,119.4,XL
32,195.3,106.9,112.3,XL
26,180.8,83.5,103.9,L
22,177.9,69.0,98.2,M
28,177.9,66.0,92.9,S
31,176.7,78.6,99.7,M
35,165.7,72.9,103.5,L
24,158.3,73.6,102.5,L
19,168.1,62.2,92.8,S
39,181.2,89.3,106.5,L
19,183.8,93.6,110.5,L
21,172.7,87.7,108.4,L
22,167.3,78.5,106.4,L
27,173.7,79.8,111.3,L
24,181.1,65.4,93.7,S
20,183.5,90.5,102.9,L
23,176.0,76.7,94.8,S
28,179.3,79.7,101.2,M
22,182.4,77.9,104.5,L
26,171.6,69.5,96.3,M
18,174.5,76.5,98.2,M
24,176.5,76.3,103.0,L
20,176.1,79.7,105.7,L
20,164.7,63.2,95.2,M
21,171.5,90.6,107.9,L
28,175.6,72.6,95.5,M
32,163.7,64.5,95.3,M
23,170.4,74.3,100.2,M
32,182.2,112.2,113.9,XL
23,176.7,77.5,101.8,M
22,180.9,76.9,98.6,M
20,177.6,96.2,106.5,L
20,179.8,91.6,102.8,L
27,175.8,84.8,104.4,L
26,167.3,75.3,105.3,L
25,181.7,80.2,102.2,L
28,174.5,92.9,112.1,XL
31,173.6,74.6,100.5,M
40,174.8,82.9,104.7,L
22,177.4,82.7,103.1,L
36,173.6,73.8,102.3,L
24,174.5,76.4,102.7,L
30,167.2,75.8,104.2,L
40,161.2,74.1,103.7,L
34,172.7,79.5,107.7,L
25,170.6,79.7,103.4,L
32,163.9,81.0,107.5,L
41,171.1,86.5,108.8,L
20,182.1,68.2,92.0,S
22,173.7,87.3,106.0,L
28,183.0,86.9,104.7,L
22,163.9,70.5,102.6,L
44,185.4,87.3,109.2,L
21,184.6,120.0,115.1,XL
33,172.5,76.2,103.3,L
34,171.7,68.9,97.6,M
31,175.1,65.4,96.0,M
24,171.9,86.2,105.3,L
28,171.7,62.0,91.8,S
33,171.8,65.1,89.5,XS
40,171.6,83.3,108.5,L
20,169.0,56.7,86.6,XS
25,176.9,84.2,107.5,L
37,190.5,93.8,109.8,L
34,171.6,76.4,102.0,L
21,180.0,82.5,106.4,L
28,183.6,88.6,108.1,L
27,180.4,94.6,114.2,XL
21,168.0,81.1,101.4,M
27,179.4,82.8,105.7,L
21,180.1,89.0,108.6,L
21,178.7,64.0,89.8,XS
23,183.6,93.8,113.7,XL
27,174.3,114.9,125.8,XXL
23,174.6,89.5,108.7,L
22,178.5,74.2,95.0,M
33,172.6,99.8,116.8,XL
21,174.1,68.2,91.4,S
25,180.4,74.3,94.7,S
24,178.8,80.8,99.8,M
28,182.9,95.8,113.3,XL
41,183.6,112.4,125.1,XXL
22,180.1,91.2,108.1,L
39,181.8,111.6,111.1,L
21,161.2,60.6,90.5,S
26,165.9,63.9,94.2,S
28,177.6,81.6,102.9,L
26,173.9,86.1,106.8,L
37,183.6,120.1,127.8,XXL
27,170.2,90.1,109.2,L
30,167.0,81.4,108.5,L
22,174.2,75.4,100.0,M
31,180.0,86.8,108.2,L
40,183.1,89.4,108.8,L
33,177.0,69.2,94.9,S
31,169.7,86.5,111.7,L
27,177.8,106.0,110.0,L
26,170.7,89.8,112.4,XL
38,173.5,79.2,100.5,M
47,165.4,83.3,107.9,L
28,179.4,81.0,102.6,L
41,179.9,97.5,111.3,L
18,187.2,73.4,95.1,M
19,158.9,58.4,89.5,XS
25,175.5,70.1,91.0,S
23,179.5,71.9,97.1,M
21,172.2,76.4,98.9,M
18,186.4,70.2,92.5,S
25,166.0,71.3,98.3,M
19,180.2,84.3,100.3,M
20,183.1,79.1,96.3,M
23,169.6,69.1,92.9,S
19,177.2,74.3,97.1,M
26,169.3,61.1,96.3,M
19,171.3,63.0,89.4,XS
18,165.2,67.3,96.1,M
18,171.5,76.4,99.7,M
21,171.3,81.1,102.2,L
20,171.0,77.5,102.8,L
27,175.1,86.7,102.6,L
19,166.8,56.7,84.2,XS
20,172.0,93.5,109.3,L
18,166.5,64.8,89.7,XS
23,167.0,77.4,108.2,L
22,186.9,75.8,97.5,M
23,168.1,71.6,98.5,M
26,155.9,63.9,94.0,S
19,179.8,88.2,105.7,L
20,168.2,69.4,93.2,S
18,168.1,72.8,100.1,M
34,181.7,76.5,100.0,M
20,179.2,109.6,120.1,XL
20,180.6,71.0,92.4,S
18,176.6,90.2,108.0,L
19,173.8,77.3,96.8,M
19,168.4,68.6,98.2,M
25,167.4,56.0,89.4,XS
20,178.6,78.2,99.4,M
19,169.7,70.3,95.7,M
21,183.0,95.0,106.3,L
18,169.7,61.4,88.5,XS
22,181.6,75.6,98.2,M
28,166.0,73.5,96.8,M
20,168.1,78.1,104.6,L
25,186.6,91.8,108.3,L
23,163.5,66.7,94.9,S
18,171.7,69.1,95.1,M
19,180.3,100.1,111.4,L
18,162.3,70.6,96.7,M
19,174.5,77.7,102.3,L
28,180.0,81.9,97.8,M
18,167.3,88.8,105.5,L
23,176.0,82.3,101.8,M
19,187.4,76.3,97.5,M
20,173.9,94.7,112.5,XL
19,175.3,79.7,101.7,M
18,183.9,91.8,106.1,L
19,180.3,82.5,101.6,M
23,172.0,76.1,107.1,L
21,178.8,82.1,101.6,M
21,177.1,70.3,94.4,S
21,169.1,60.8,89.6,XS
19,172.3,69.7,97.8,M
20,184.0,77.9,98.9,M
19,179.3,88.8,109.5,L
22,177.8,79.4,101.1,M
25,182.1,84.3,103.1,L
20,168.5,70.7,96.3,M
29,172.2,88.5,109.4,L
23,178.6,109.3,114.8,XL
27,178.0,75.4,96.5,M
36,181.1,82.6,103.6,L
22,178.7,89.4,110.1,L
21,174.8,77.2,100.5,M
29,183.0,71.6,93.0,S
35,165.6,68.1,96.2,M
23,181.6,88.8,104.0,L
18,174.1,73.5,94.5,S
18,174.5,79.1,99.0,M
19,179.5,81.3,99.0,M
27,174.8,81.5,108.1,L
24,180.6,83.0,100.6,M
26,169.8,72.4,97.2,M
18,179.1,67.6,91.2,S
18,170.3,66.7,92.5,S
21,174.4,74.0,99.2,M
29,167.7,60.6,93.4,S
17,173.6,82.6,104.6,L
20,178.6,74.7,99.3,M
33,185.8,107.1,115.2,XL
19,183.3,86.2,102.7,L
23,190.0,93.2,100.8,M
20,174.3,72.6,97.9,M
20,173.3,67.7,97.9,M
28,174.5,86.6,100.2,M
22,180.3,72.5,98.2,M
24,171.3,77.5,101.9,M
19,149.1,47.8,84.1,XS
22,176.5,76.6,99.6,M
20,176.7,89.7,106.6,L
21,177.3,70.3,100.2,M
19,176.0,75.0,97.5,M
25,174.5,84.6,105.7,L
18,176.9,62.9,95.2,M
27,165.3,63.8,94.3,S
27,185.1,89.2,105.6,L
19,176.8,67.4,90.2,S
18,179.8,72.1,92.1,S
20,165.6,68.9,98.3,M
18,176.3,73.7,95.5,M
20,178.1,76.5,100.4,M
22,176.4,81.7,99.2,M
26,170.4,82.8,106.1,L
18,171.5,68.1,98.0,M
25,177.4,88.8,106.7,L
42,168.1,79.3,107.4,L
21,178.6,85.8,106.2,L
25,168.1,66.9,97.9,M
18,180.8,72.2,91.7,S
18,165.0,69.9,96.4,M
19,167.4,88.9,99.5,M
42,160.4,70.5,99.8,M
38,167.2,66.5,95.3,M
25,176.6,78.3,98.0,M
29,186.5,97.2,106.9,L
51,180.6,83.5,111.3,L
28,174.0,81.6,108.0,L
25,171.3,81.6,108.8,L
42,174.0,68.5,95.1,M
23,174.0,85.0,100.2,M
22,177.6,72.3,96.2,M
36,185.2,93.5,108.8,L
25,185.3,72.2,94.9,S
30,191.6,111.3,113.3,XL
26,184.2,113.5,119.4,XL
23,175.3,78.7,99.4,M
19,176.4,67.1,97.6,M
30,180.7,94.9,109.5,L
21,181.0,90.9,106.3,L
19,164.3,60.4,95.6,M
21,176.4,82.4,103.8,L
25,177.3,88.5,105.7,L
24,177.7,78.0,100.1,M
30,171.4,71.7,94.0,S
21,179.0,77.3,99.4,M
21,186.7,80.7,99.8,M
32,169.7,77.6,106.2,L
24,179.6,93.9,102.8,L
32,183.4,96.5,108.2,L
25,172.7,81.4,102.2,L
31,181.9,94.3,107.9,L
22,178.8,83.1,104.4,L
38,174.7,82.1,104.4,L
33,174.2,92.2,105.6,L
30,179.7,103.9,120.5,XL
20,178.3,76.4,97.7,M
19,172.4,66.1,90.5,S
20,186.7,97.2,109.7,L
21,168.0,61.5,94.2,S
33,175.4,72.7,98.7,M
28,162.4,65.7,93.2,S
21,162.9,68.6,96.8,M
21,179.4,69.1,93.9,S
27,158.8,73.0,101.7,M
37,173.8,73.8,96.4,M
45,180.6,86.4,101.0,M
31,179.8,78.1,97.1,M
49,162.5,78.7,103.2,L
27,170.8,105.8,118.3,XL
28,167.9,86.1,104.4,L
31,175.0,83.9,104.4,L
24,179.6,95.4,114.9,XL
22,184.3,75.2,97.6,M
53,174.2,84.5,107.8,L
38,166.7,77.1,103.9,L
33,168.9,72.3,102.4,L
19,184.3,80.7,102.1,L
24,189.1,97.7,107.5,L
24,192.5,100.8,106.8,L
37,171.7,105.9,116.1,XL
19,179.9,95.4,115.6,XL
38,169.5,95.6,112.9,XL
24,177.3,120.5,126.6,XXL
32,180.6,87.6,105.9,L
42,172.5,94.1,118.8,XL
27,167.6,83.8,110.9,L
40,171.6,86.0,105.8,L
40,181.9,100.2,115.3,XL
23,173.9,79.8,102.7,L
26,177.8,81.3,98.0,M
32,191.9,131.2,120.1,XL
20,172.8,93.7,109.1,L
20,166.9,76.3,101.1,M
26,169.7,62.6,95.3,M
38,177.3,88.7,112.3,XL
23,176.4,71.0,96.3,M
31,171.6,88.7,107.9,L
35,180.2,81.7,100.4,M
22,170.7,78.2,105.2,L
37,180.6,84.1,100.4,M
26,171.2,54.9,86.9,XS
38,187.0,109.2,119.7,XL
23,177.2,66.3,90.0,S
39,180.5,107.2,121.3,XL
40,182.0,114.7,123.7,XXL
29,157.9,54.6,87.9,XS
35,167.8,85.9,117.2,XL
29,185.8,97.6,114.1,XL
22,177.3,87.0,105.4,L
19,182.1,69.7,87.6,XS
20,184.6,94.2,106.0,L
18,173.7,62.0,91.0,S
48,173.7,94.0,113.1,XL
30,169.3,73.5,98.6,M
28,178.2,80.9,102.9,L
44,175.9,104.5,120.2,XL
22,173.2,106.9,121.7,XL
28,170.7,82.6,108.6,L
21,175.1,71.3,96.7,M
20,176.3,90.7,105.2,L
22,180.4,87.6,105.8,L
21,174.2,112.8,119.7,XL
33,182.3,106.3,123.7,XXL
24,180.7,67.3,94.6,S
41,177.5,89.3,117.7,XL
19,179.7,78.4,103.0,L
21,173.1,71.7,97.0,M
22,174.4,77.6,92.1,S
19,167.3,74.9,101.7,M
19,164.8,69.4,94.8,S
22,186.8,80.1,98.8,M
19,177.3,77.8,101.7,M
23,192.3,92.4,106.6,L
19,177.9,88.5,106.6,L
31,181.1,75.7,97.7,M
30,171.5,93.8,110.8,L
30,174.7,92.4,112.7,XL
32,174.4,88.8,111.1,L
23,178.3,66.1,94.0,S
22,176.4,91.0,114.5,XL
37,170.1,80.9,109.1,L
26,172.4,62.1,88.0,XS
24,176.5,79.6,103.8,L
22,163.0,63.6,91.4,S
20,171.3,60.8,89.2,XS
23,183.8,121.0,122.6,XL
34,170.4,85.5,115.2,XL
19,177.2,74.4,98.2,M
24,184.6,111.4,125.9,XXL
27,180.5,91.3,110.6,L
25,180.5,107.4,115.9,XL
25,168.0,71.3,99.9,M
32,183.9,90.2,101.1,M
22,172.3,82.9,106.0,L
19,180.0,86.9,105.7,L
18,186.1,86.6,99.7,M
24,172.4,77.2,107.3,L
24,181.2,80.1,100.2,M
24,166.4,72.5,99.4,M
18,170.6,66.7,94.1,S
40,168.7,68.0,94.2,S
25,185.8,107.9,115.7,XL
27,162.9,74.5,99.1,M
27,185.6,79.2,97.5,M
23,175.7,105.2,116.7,XL
26,175.0,66.3,92.9,S
30,173.5,90.5,112.6,XL
22,173.9,58.7,86.4,XS
26,163.4,68.7,97.2,M
31,177.2,109.0,123.5,XXL
19,160.0,57.6,89.0,XS
26,165.7,92.2,105.8,L
23,189.8,81.5,98.3,M
20,183.0,91.2,101.9,M
21,171.2,85.0,108.4,L
27,169.3,92.0,110.4,L
22,191.0,144.2,127.9,XXL
22,181.7,73.9,101.7,M
22,179.0,106.2,117.5,XL
21,178.9,104.9,120.6,XL
21,172.8,66.0,95.3,M
24,168.4,62.2,91.4,S
23,186.1,102.2,110.1,L
19,176.3,69.7,91.5,S
24,195.2,93.9,103.4,L
19,175.0,79.3,98.6,M
19,176.3,89.9,108.8,L
18,185.4,72.7,94.8,S
18,166.9,69.0,96.3,M
35,185.8,114.0,121.1,XL
47,178.6,99.5,116.2,XL
47,171.2,88.7,109.1,L
31,175.2,89.4,106.9,L
25,165.3,84.2,107.7,L
26,168.7,80.4,100.6,M
21,168.9,76.0,99.7,M
23,167.4,91.3,109.0,L
21,181.9,67.3,93.1,S
22,178.8,85.7,103.7,L
22,167.9,68.8,96.4,M
20,176.3,88.5,108.7,L
19,173.3,70.8,96.4,M
21,170.3,74.3,101.1,M
25,181.4,98.5,108.1,L
23,182.5,90.2,109.5,L
21,181.5,85.2,98.1,M
27,177.8,85.1,102.0,L
25,174.4,68.5,96.3,M
27,178.1,106.5,120.5,XL
28,171.6,104.4,118.1,XL
42,176.6,96.8,114.9,XL
22,173.6,90.2,109.2,L
29,181.0,93.8,115.7,XL
35,183.9,92.8,108.4,L
31,166.8,87.3,108.4,L
51,178.4,76.9,104.8,L
33,175.7,89.2,108.3,L
47,177.7,96.3,118.4,XL
40,174.9,94.7,111.5,L
34,184.2,66.5,94.6,S
31,178.2,75.4,98.0,M
26,173.4,93.5,112.3,XL
28,189.7,95.0,112.1,XL
51,165.0,82.2,112.7,XL
24,176.0,105.2,116.7,XL
36,183.7,74.7,99.2,M
32,171.8,84.5,104.2,L
41,165.4,84.3,110.2,L
41,183.4,92.5,110.6,L
26,181.0,92.6,104.4,L
53,172.2,75.0,96.7,M
48,164.6,73.3,101.5,M
32,172.8,81.5,105.7,L
34,176.1,87.5,107.7,L
28,178.0,77.0,96.6,M
42,171.9,86.9,115.2,XL
25,183.0,85.0,98.3,M
45,175.1,96.2,118.2,XL
43,175.8,81.1,102.9,L
48,168.1,85.7,112.2,XL
42,180.5,87.9,104.2,L
46,176.6,88.2,111.2,L
26,174.0,71.2,92.8,S
37,176.8,83.2,103.6,L
27,170.3,74.2,100.6,M
23,184.5,83.3,104.3,L
29,185.3,115.1,119.5,XL
30,175.6,79.2,107.2,L
29,185.8,86.2,99.2,M
25,176.3,75.3,103.8,L
23,175.8,82.3,99.8,M
27,176.8,83.7,101.7,M
28,180.1,93.2,111.8,L
22,176.1,87.9,105.1,L
41,175.6,81.9,106.7,L
35,183.0,106.1,119.2,XL
30,172.6,73.3,99.2,M
39,171.8,81.8,103.1,L
38,171.7,90.7,111.8,L
37,181.1,87.5,111.6,L
24,178.0,90.2,107.8,L
23,166.4,66.3,100.8,M
23,175.1,74.0,98.4,M
31,197.2,109.3,114.3,XL
23,169.9,66.1,94.5,S
26,181.9,99.3,111.6,L
43,166.5,76.6,103.7,L
36,156.7,61.9,96.1,M
28,168.6,79.2,108.2,L
51,177.1,98.4,111.6,L
28,180.0,77.4,100.9,M
41,178.3,87.9,117.4,XL
25,175.6,92.8,109.4,L
25,172.2,80.3,97.2,M
23,176.1,88.4,107.8,L
26,185.0,83.6,99.0,M
31,181.6,81.0,104.3,L
21,177.2,93.6,110.9,L
20,173.5,61.9,90.8,S
24,170.5,77.2,104.2,L
25,180.3,90.8,101.8,M
22,175.0,66.1,94.9,S
30,177.7,109.0,116.7,XL
25,175.9,95.7,112.0,XL
31,178.7,87.7,109.4,L
32,176.6,99.1,112.3,XL
22,176.2,60.3,88.8,XS
21,168.8,79.1,98.8,M
26,185.0,79.1,99.1,M
23,176.4,77.1,97.6,M
23,179.8,92.7,103.7,L
24,167.8,80.1,106.2,L
29,173.8,96.9,117.5,XL
30,173.9,77.5,101.8,M
23,157.7,56.4,85.8,XS
26,170.7,72.8,99.3,M
23,186.3,103.3,110.9,L
26,182.0,71.0,94.9,S
20,181.6,94.8,109.2,L
25,185.6,102.0,111.2,L
32,180.6,93.5,103.8,L
37,193.4,100.7,111.2,L
25,177.4,68.8,94.5,S
24,180.0,94.1,112.6,XL
21,167.3,69.0,97.7,M
21,194.4,112.6,115.1,XL
25,184.1,93.5,106.7,L
29,176.1,93.2,109.4,L
26,187.2,97.9,107.6,L
28,172.6,91.7,117.2,XL
51,176.4,85.0,107.6,L
33,167.0,54.2,87.8,XS
48,176.5,94.8,111.0,L
48,172.0,85.8,114.6,XL
49,171.8,91.3,113.8,XL
41,178.4,83.4,106.6,L
49,165.1,89.1,111.2,L
43,180.8,98.8,111.2,L
35,174.0,80.1,101.4,M
43,171.0,94.0,114.3,XL
32,180.4,100.2,118.8,XL
43,171.9,89.8,110.9,L
20,179.4,64.5,90.2,S
22,173.6,62.3,88.6,XS
18,161.6,76.9,104.7,L
19,174.4,62.7,91.7,S
25,181.6,85.5,104.7,L
29,174.9,85.5,107.6,L
28,174.9,88.1,114.3,XL
34,166.8,76.5,108.2,L
46,157.5,62.8,99.1,M
32,170.8,75.6,103.4,L
37,164.5,81.3,104.8,L
23,182.5,95.6,108.3,L
33,180.0,76.5,100.4,M
27,181.0,82.3,104.4,L
28,171.8,82.5,104.1,L
25,180.8,110.0,113.8,XL
24,181.4,77.3,99.1,M
29,164.9,80.7,107.3,L
32,185.7,109.9,117.6,XL
25,176.5,105.9,123.8,XXL
33,174.8,104.4,116.5,XL
54,173.0,84.6,105.7,L
46,187.0,122.3,123.8,XXL
38,187.0,100.0,105.9,L
36,178.0,83.5,97.8,M
29,176.1,69.0,98.2,M
42,179.3,100.2,112.5,XL
23,178.1,94.1,105.3,L
44,170.5,83.4,113.4,XL
26,176.1,114.5,122.3,XL
26,183.6,83.3,105.6,L
48,163.9,94.5,121.3,XL
43,180.9,86.8,110.9,L
37,173.8,93.8,113.7,XL
44,175.1,96.6,110.4,L
43,174.1,100.8,112.7,XL
26,170.7,92.1,111.9,L
33,173.6,102.3,112.7,XL
47,164.9,94.9,118.5,XL
40,176.7,95.0,112.6,XL
36,183.1,113.5,116.6,XL
41,162.1,73.5,105.8,L
28,174.7,74.8,101.8,M
28,172.8,76.5,100.2,M
25,180.1,84.2,102.9,L
34,181.4,88.6,105.4,L
26,187.0,72.6,95.7,M
28,186.1,82.9,102.1,L
28,180.6,82.8,101.2,M
26,179.4,91.7,112.8,XL
40,180.5,106.4,117.4,XL
28,184.3,80.4,101.2,M
27,199.3,94.7,103.4,L
25,184.7,95.1,111.2,L
28,169.4,71.4,99.6,M
26,167.3,57.8,89.9,XS
28,187.4,80.3,101.7,M
29,173.6,77.5,107.6,L
29,178.9,93.8,113.3,XL
29,167.2,96.2,117.7,XL
22,172.1,82.2,101.7,M
27,186.4,88.0,107.4,L
34,184.0,95.5,115.1,XL
18,177.4,59.6,85.7,XS
19,166.4,79.4,106.0,L
20,178.1,68.2,90.4,S
21,177.8,86.3,103.4,L
21,176.0,80.1,100.7,M
19,173.0,72.3,96.2,M
30,189.0,102.3,111.4,L
34,192.6,101.0,104.8,L
31,179.5,83.0,106.8,L
22,173.0,78.4,102.7,L
38,178.5,106.9,115.1,XL
24,180.5,80.9,103.9,L
30,163.8,79.4,104.7,L
22,178.9,60.6,90.6,S
35,168.5,65.4,96.1,M
24,169.3,74.8,104.0,L
23,170.0,68.2,96.8,M
41,173.8,83.3,104.1,L
36,186.2,102.5,117.3,XL
31,169.6,82.8,105.1,L
23,179.8,89.1,106.1,L
30,176.8,94.9,112.8,XL
31,162.9,70.2,97.9,M
43,186.6,122.3,127.7,XXL
38,189.4,95.4,115.9,XL
36,164.8,72.7,104.1,L
28,178.8,100.8,118.7,XL
56,180.8,88.0,111.5,L
39,184.7,110.3,115.8,XL
29,167.6,70.0,93.3,S
30,177.4,86.1,107.6,L
28,166.0,78.6,105.3,L
23,176.0,79.2,100.4,M
22,175.7,78.5,99.1,M
28,169.8,53.3,86.2,XS
23,176.1,67.7,90.6,S
22,167.8,84.3,106.8,L
22,179.6,90.8,109.3,L
35,164.1,75.7,98.7,M
31,185.7,62.9,94.0,S
23,170.8,55.1,83.7,XXS
37,181.6,96.2,113.7,XL
25,168.0,75.1,97.3,M
49,175.8,93.9,113.2,XL
30,189.8,105.5,109.1,L
28,173.3,63.3,92.8,S
37,168.0,70.4,100.6,M
22,190.6,123.9,124.4,XXL
23,183.4,71.4,96.0,M
33,166.7,85.9,109.9,L
50,182.6,93.2,108.9,L
46,180.3,80.2,100.8,M
52,174.0,84.5,108.7,L
26,177.7,68.7,93.1,S
40,167.8,82.3,110.6,L
35,172.6,92.4,114.2,XL
43,168.9,80.4,100.8,M
23,185.2,81.6,99.5,M
21,186.4,87.1,107.2,L
23,179.0,79.7,104.4,L
22,184.5,99.1,114.6,XL
22,181.7,82.9,101.1,M
33,195.1,110.5,117.9,XL
28,175.1,103.8,117.2,XL
23,171.7,78.1,108.5,L
30,171.1,71.8,106.6,L
39,167.8,87.9,117.9,XL
43,173.8,79.9,103.2,L
37,178.3,80.9,103.8,L
30,169.5,89.0,111.7,L
53,172.6,72.1,100.6,M
29,165.1,91.0,110.7,L
26,169.0,78.9,104.4,L
37,179.0,87.9,108.3,L
58,174.4,89.3,114.1,XL
46,176.5,88.9,106.3,L
26,184.9,100.7,113.9,XL
42,179.0,107.4,119.6,XL
47,167.2,77.5,105.7,L
47,174.0,77.9,106.2,L
28,175.1,67.0,96.8,M
31,167.0,51.6,84.0,XS
43,176.8,88.7,104.6,L
42,166.4,64.4,95.9,M
31,185.5,94.9,111.5,L
19,167.5,71.0,94.7,S
19,169.3,74.8,99.9,M
23,180.7,80.8,104.1,L
23,179.0,74.1,98.4,M
33,171.1,61.1,91.9,S
23,167.8,65.8,98.7,M
27,174.1,82.4,104.0,L
23,176.6,75.3,99.2,M
25,180.4,85.6,101.7,M
23,177.3,93.9,109.7,L
34,164.3,76.2,102.9,L
28,171.8,72.5,97.2,M
24,168.0,70.0,94.9,S
19,172.6,78.6,102.6,L
35,167.1,99.4,121.2,XL
21,183.1,93.9,108.1,L
20,173.0,65.2,95.9,M
28,180.9,84.9,103.9,L
23,172.6,80.9,103.9,L
53,169.0,95.5,106.2,L
23,180.8,83.8,103.9,L
30,182.8,91.4,105.7,L
45,176.5,108.4,118.2,XL
40,181.8,92.1,115.7,XL
49,178.7,104.3,115.3,XL
31,180.5,62.9,101.4,M
23,172.7,80.0,101.7,M
47,174.8,86.9,112.2,XL
32,187.3,94.8,108.6,L
34,169.5,67.2,95.8,M
26,176.1,74.1,100.7,M
40,179.7,101.2,117.1,XL
25,173.0,85.6,104.7,L
22,169.0,78.8,108.2,L
41,178.3,100.2,117.7,XL
30,182.9,68.9,93.4,S
39,182.2,87.7,113.2,XL
32,174.4,85.7,108.2,L
32,180.3,90.0,106.8,L
30,176.5,95.8,110.3,L
29,168.8,75.3,108.0,L
26,166.2,81.8,102.3,L
27,166.3,59.7,91.3,S
26,166.3,73.0,104.2,L
27,172.1,80.6,96.9,M
25,177.0,76.0,100.3,M
23,172.5,66.8,93.8,S
26,178.8,96.5,108.7,L
23,189.3,79.4,96.8,M
20,179.4,70.5,95.1,M
23,176.3,107.6,111.2,L
29,183.1,95.7,113.3,XL
38,164.0,95.8,116.2,XL
33,168.7,98.3,117.7,XL
20,182.7,67.5,96.3,M
22,179.8,79.8,100.1,M
21,170.8,91.2,106.5,L
31,175.3,87.6,103.7,L
21,179.3,78.3,99.4,M
23,185.8,84.9,103.0,L
24,167.7,60.3,86.7,XS
28,174.4,88.7,106.3,L
22,180.5,94.7,106.6,L
28,162.3,70.8,98.8,M
22,175.4,86.0,102.2,L
19,174.3,74.3,100.3,M
51,171.8,94.6,111.0,L
26,169.7,88.9,106.8,L
39,188.1,95.6,105.8,L
21,175.5,60.2,90.8,S
37,173.8,115.3,124.7,XXL
24,178.6,94.7,109.6,L
35,171.4,72.0,98.1,M
27,170.3,75.2,98.3,M
32,165.0,66.9,94.2,S
21,183.9,106.2,110.8,L
22,165.2,108.8,118.4,XL
21,172.6,71.0,98.4,M
20,173.8,99.7,113.3,XL
26,174.0,91.6,113.9,XL
32,164.7,94.7,117.0,XL
52,170.2,76.1,105.3,L
37,163.7,95.0,119.6,XL
30,165.7,77.3,103.7,L
29,177.5,84.6,104.6,L
32,177.7,91.7,112.2,XL
50,177.4,100.8,113.3,XL
43,170.6,82.1,108.1,L
51,178.8,74.7,100.8,M
31,188.6,110.7,115.9,XL
31,168.3,77.4,99.3,M
33,190.0,127.1,126.7,XXL
47,178.6,84.2,110.4,L
23,171.2,79.2,104.8,L
48,176.0,84.8,110.2,L
50,171.1,83.2,108.3,L
46,172.0,88.0,111.3,L
23,179.8,88.7,103.9,L
41,173.0,106.7,123.4,XXL
29,174.0,90.8,108.1,L
25,175.5,69.9,95.4,M
48,183.7,100.9,112.0,XL
30,172.6,81.3,106.3,L
37,179.0,96.7,114.1,XL
26,173.1,72.4,95.7,M
21,166.3,65.6,94.8,S
19,181.8,105.4,115.1,XL
21,177.7,95.8,107.7,L
24,178.6,113.5,118.7,XL
31,179.9,88.6,112.3,XL
30,185.5,83.4,107.2,L
28,172.6,83.4,100.5,M
24,170.8,86.2,102.5,L
23,174.8,73.8,95.5,M
21,175.7,76.0,96.0,M
22,180.0,77.8,105.5,L
20,174.9,93.1,112.6,XL
30,170.6,69.5,93.4,S
25,198.0,101.7,104.1,L
42,174.7,81.5,104.7,L
37,181.6,100.6,113.4,XL
21,171.9,60.6,90.5,S
21,179.0,77.8,92.6,S
19,168.8,65.0,93.6,S
30,176.2,112.6,122.8,XL
33,169.4,90.7,107.0,L
42,176.4,81.5,103.6,L
23,172.7,67.3,95.7,M
43,184.0,72.7,98.7,M
22,173.5,82.9,105.4,L
39,175.8,93.6,109.1,L
39,180.2,93.2,109.0,L
23,180.2,87.9,105.6,L
25,180.0,95.1,114.0,XL
35,176.9,75.6,98.4,M
27,189.7,78.0,97.6,M
38,169.0,92.6,114.7,XL
30,178.6,130.2,128.2,XXL
40,190.7,82.1,105.7,L
30,177.9,109.8,118.3,XL
20,186.1,95.6,109.8,L
22,168.5,63.3,94.2,S
42,179.7,97.1,108.3,L
26,168.7,76.0,97.9,M
41,180.5,92.6,110.4,L
43,175.5,108.4,120.2,XL
25,170.2,56.2,86.2,XS
23,174.6,87.4,104.2,L
30,167.0,63.3,94.7,S
49,162.4,82.6,107.7,L
50,175.1,103.3,115.2,XL
52,177.0,77.2,100.2,M
32,172.2,88.0,105.9,L
36,168.1,105.0,119.6,XL
35,177.9,98.2,112.8,XL
38,193.0,68.9,91.0,S
22,179.6,85.3,102.2,L
50,165.8,98.4,118.1,XL
39,158.2,68.1,97.1,M
26,180.7,112.9,122.7,XL
28,192.9,93.9,100.9,M
40,174.3,99.4,111.0,L
56,171.4,105.4,111.2,L
56,169.7,66.4,98.7,M
49,172.7,75.3,102.2,L
31,170.9,109.5,121.6,XL
48,175.1,67.9,92.7,S
24,171.9,75.7,96.2,M
22,181.7,99.6,106.6,L
37,192.7,98.1,103.5,L
51,185.1,111.6,112.3,XL
21,180.8,72.9,96.9,M
26,166.3,98.3,120.3,XL
21,183.4,86.5,97.8,M
33,181.5,123.9,124.8,XXL
25,170.0,63.1,89.1,XS
39,180.8,96.5,111.6,L
19,172.2,77.8,103.9,L
20,167.9,68.2,92.6,S
26,177.5,87.6,100.4,M
46,182.6,102.8,112.2,XL
22,176.7,93.5,110.6,L
27,168.5,78.4,103.2,L
42,173.5,91.4,114.6,XL
23,166.8,87.5,105.4,L
25,167.8,63.7,94.2,S
48,180.8,93.9,109.0,L
42,184.6,72.9,94.4,S
22,177.1,84.1,100.6,M
52,177.4,87.7,106.6,L
32,174.8,96.5,114.7,XL
31,178.9,99.1,108.3,L
41,182.5,100.1,113.0,XL
29,169.8,87.2,106.2,L
31,185.0,113.1,117.4,XL
19,176.6,74.4,97.3,M
20,163.8,64.7,91.9,S
23,181.8,101.9,117.2,XL
25,166.4,68.1,92.7,S
29,190.2,89.2,107.6,L
21,172.2,82.4,103.7,L
25,183.3,79.3,98.1,M
26,184.7,116.6,118.2,XL
23,169.0,94.8,111.7,L
28,193.4,113.2,117.8,XL
37,180.7,109.3,115.4,XL
30,165.1,68.8,99.3,M
31,176.8,105.2,116.7,XL
34,181.2,76.8,100.7,M
20,174.3,92.7,110.1,L
31,171.5,82.0,105.9,L
33,168.1,87.7,113.1,XL
42,184.7,82.5,105.4,L
24,168.4,76.2,98.8,M
32,186.5,89.4,105.9,L
32,173.2,79.1,105.3,L
36,165.5,67.7,96.5,M
21,175.9,85.0,103.8,L
21,176.4,75.0,99.7,M
21,174.0,78.0,102.8,L
26,176.6,75.2,97.5,M
30,165.6,70.6,100.8,M
22,168.1,59.6,90.1,S
21,165.8,86.1,99.4,M
21,158.8,55.2,88.9,XS
26,175.4,72.3,94.7,S
22,178.8,90.7,110.7,L
19,180.6,69.0,93.8,S
30,169.7,95.9,112.2,XL
24,177.0,69.0,95.9,M
30,179.6,84.0,105.5,L
18,181.5,79.2,101.7,M
35,175.6,70.6,94.3,S
25,170.1,79.1,103.1,L
20,175.1,88.7,112.8,XL
27,180.1,87.1,103.2,L
19,173.7,87.4,102.8,L
26,178.5,81.2,104.6,L
33,177.1,87.5,104.7,L
31,177.1,77.2,96.2,M
26,158.0,65.4,94.9,S
27,168.5,87.2,111.4,L
29,167.5,70.0,97.1,M
37,167.5,78.5,103.3,L
43,169.0,87.0,111.8,L
34,159.3,70.0,102.7,L
47,173.7,82.4,106.4,L
42,169.3,81.3,107.3,L
47,170.6,87.3,108.8,L
20,188.8,78.7,96.8,M
25,170.6,74.8,102.0,L
23,184.1,79.3,98.7,M
40,190.6,94.2,106.1,L
30,186.6,86.7,99.4,M
40,178.8,88.9,112.7,XL
27,188.7,97.0,106.9,L
43,168.7,93.8,110.7,L
55,172.4,104.6,124.2,XXL
24,171.0,76.8,98.9,M
50,176.3,110.4,121.1,XL
57,172.2,99.1,113.5,XL
48,172.2,83.7,101.7,M
23,165.9,68.7,100.0,M
51,174.1,88.5,109.2,L
50,171.0,86.9,111.3,L
28,177.4,103.4,112.7,XL
25,173.0,79.2,101.9,M
41,179.8,65.1,93.9,S
55,173.8,83.1,104.4,L
49,178.1,99.9,112.5,XL
35,162.3,96.8,121.9,XL
35,172.5,84.7,104.3,L
44,175.6,73.7,100.9,M
26,180.0,84.9,109.7,L
51,177.8,98.5,107.9,L
29,167.4,77.4,102.5,L
22,177.4,85.5,99.7,M
34,170.5,111.1,125.0,XXL
36,174.9,82.9,107.5,L
23,182.1,96.6,116.1,XL
33,169.1,66.5,101.4,M
46,168.6,86.8,108.7,L
19,182.3,93.4,110.0,L
41,177.1,112.3,129.7,XXL
33,175.0,95.4,111.7,L
26,168.7,77.6,101.7,M
38,164.2,72.7,101.4,M
37,173.4,91.5,113.2,XL
42,175.7,107.6,117.3,XL
42,178.4,102.7,114.4,XL
43,168.5,79.8,107.2,L
38,174.2,83.9,101.7,M
29,178.8,88.8,106.6,L
47,169.4,89.1,112.7,XL
41,187.3,99.8,110.1,L
50,184.3,116.1,121.5,XL
31,163.5,76.7,105.7,L
42,183.3,117.9,119.4,XL
33,191.9,108.6,112.7,XL
49,177.9,132.9,127.7,XXL
52,182.5,95.2,107.2,L
29,173.4,87.8,104.1,L
46,166.3,82.2,105.3,L
33,171.8,87.0,108.8,L
28,181.4,95.4,108.0,L
48,176.0,83.5,106.6,L
36,163.1,67.2,97.7,M
53,174.0,93.8,114.9,XL
36,174.9,91.3,110.6,L
39,175.7,94.7,114.4,XL
47,187.0,96.4,112.4,XL
21,175.4,72.0,97.1,M
20,170.0,66.6,94.8,S
29,168.3,70.0,103.4,L
43,171.7,76.7,105.6,L
29,182.0,78.5,96.9,M
44,170.5,120.9,133.6,XXXL
55,184.4,110.0,123.3,XXL
40,172.7,78.1,106.2,L
30,169.7,76.1,101.5,M
31,169.5,72.3,98.6,M
27,178.1,82.0,98.7,M
40,178.4,79.8,107.2,L
29,171.9,77.9,102.4,L
25,175.7,79.8,103.7,L
32,174.4,68.0,94.9,S
24,178.7,109.6,125.4,XXL
42,173.3,85.8,113.0,XL
44,169.8,82.9,107.7,L
30,187.4,116.2,117.4,XL
31,177.4,77.4,99.9,M
19,182.3,98.9,109.3,L
32,175.3,84.4,107.1,L
24,179.3,85.1,110.6,L
32,167.9,73.1,102.4,L
26,168.2,77.6,103.8,L
19,176.1,75.4,99.4,M
32,171.7,96.3,114.9,XL
27,175.5,86.3,104.4,L
34,168.1,92.8,118.0,XL
53,180.0,83.6,104.3,L
30,186.2,136.9,126.5,XXL
28,170.6,86.1,105.8,L
26,178.8,78.6,100.7,M
35,171.2,105.5,117.7,XL
20,166.3,69.3,95.0,M
21,167.5,68.3,95.3,M
19,170.7,58.7,88.8,XS
22,163.5,71.2,99.9,M
21,169.4,74.6,102.9,L
49,174.0,99.5,122.3,XL
25,168.0,84.7,106.8,L
50,188.5,128.5,124.6,XXL
31,169.8,83.0,107.4,L
20,184.8,88.1,99.4,M
23,169.7,89.7,110.5,L
28,181.4,86.2,108.2,L
28,181.9,97.9,105.2,L
29,172.8,86.8,102.2,L
27,172.3,69.3,98.6,M
46,180.8,88.8,111.1,L
46,178.6,75.8,98.6,M
21,169.6,70.3,95.0,M
21,174.7,74.3,100.5,M
25,177.5,92.6,102.5,L
29,180.2,90.3,105.3,L
47,189.1,90.8,109.2,L
25,166.5,56.3,87.9,XS
23,180.0,133.6,128.2,XXL
24,179.3,87.9,100.9,M
31,170.1,83.9,106.4,L
23,180.8,76.9,98.5,M
36,176.5,80.7,104.4,L
38,187.4,112.1,127.2,XXL
22,168.6,67.6,97.0,M
31,167.6,100.4,118.5,XL
28,168.9,78.1,107.2,L
20,171.1,70.9,97.9,M
21,188.7,79.0,93.2,S
23,172.5,68.8,93.2,S
20,176.2,74.8,98.9,M
21,168.9,74.6,99.2,M
52,173.5,94.5,115.5,XL
25,170.8,79.7,102.4,L
31,178.0,87.7,107.6,L
48,178.3,79.9,100.4,M
47,177.8,90.0,110.5,L
45,181.4,94.3,110.2,L
47,167.5,93.3,118.2,XL
42,173.3,87.8,108.8,L
38,160.5,57.2,93.7,S
39,173.8,107.9,120.2,XL
41,171.1,79.1,105.4,L
45,166.5,78.0,109.7,L
49,181.2,91.2,113.2,XL
51,182.3,116.6,122.4,XL
50,180.1,110.7,117.4,XL
32,175.0,96.3,114.3,XL
55,168.6,95.2,115.8,XL
56,180.2,105.5,117.6,XL
55,182.0,98.2,110.3,L
45,175.7,96.5,113.7,XL
58,178.0,95.9,110.8,L
37,178.0,76.7,103.2,L
41,168.2,84.5,107.7,L
47,171.1,95.7,117.3,XL
24,167.9,80.9,110.4,L
42,167.4,84.0,111.7,L
38,175.5,84.3,102.4,L
30,170.6,84.2,107.6,L
37,185.0,87.0,105.8,L
21,167.6,64.9,94.9,S
27,190.8,94.4,105.7,L
27,182.5,92.6,108.2,L
42,179.9,97.3,121.7,XL
21,181.0,81.0,101.6,M
39,179.2,80.2,105.2,L
26,172.2,66.7,92.3,S
23,171.3,84.0,105.6,L
34,177.5,92.3,115.5,XL
28,186.1,88.7,111.0,L
38,166.0,79.0,103.6,L
29,175.4,110.2,123.7,XXL
47,176.2,82.9,104.3,L
25,172.4,88.3,106.8,L
56,162.7,82.6,117.7,XL
27,173.1,107.4,115.8,XL
32,186.2,75.0,99.2,M
41,183.4,100.4,112.8,XL
26,188.1,126.4,128.7,XXL
30,177.0,95.7,112.0,XL
27,167.5,89.4,110.4,L
39,172.1,84.9,106.7,L
32,167.3,93.0,112.6,XL
41,190.9,119.3,121.8,XL
38,175.0,104.2,114.2,XL
41,178.0,90.7,108.6,L
22,184.0,68.2,92.8,S
40,187.3,90.2,108.9,L
41,178.0,118.9,125.3,XXL
43,176.8,92.2,117.6,XL
35,182.1,101.0,115.1,XL
49,169.8,79.6,112.3,XL
41,169.0,104.9,123.3,XXL
37,177.3,99.4,111.7,L
31,174.4,85.9,107.9,L
24,173.3,72.9,98.8,M
26,181.3,69.6,93.2,S
42,183.4,103.8,117.9,XL
23,186.4,94.4,104.5,L
39,188.5,137.5,127.6,XXL
39,180.7,85.3,106.7,L
20,180.0,84.3,105.3,L
21,172.5,66.0,90.1,S
40,174.8,93.7,113.6,XL
37,176.3,94.1,114.6,XL
49,172.8,77.0,102.4,L
27,170.8,93.7,112.2,XL
20,165.7,67.3,94.2,S
29,174.0,83.0,105.4,L
48,168.6,78.3,106.3,L
23,162.1,90.0,111.4,L
25,162.3,67.3,94.5,S
28,162.9,79.0,103.9,L
53,170.7,101.5,117.7,XL
25,171.7,57.4,91.6,S
24,176.7,76.5,94.6,S
31,184.7,91.9,109.4,L
25,179.0,79.7,102.4,L
22,169.7,73.1,96.1,M
47,175.8,106.5,120.9,XL
39,164.3,67.5,105.3,L
25,175.3,77.8,106.4,L
28,175.9,73.9,96.3,M
24,174.8,77.9,98.5,M
53,183.4,120.7,126.8,XXL
21,171.2,71.9,95.6,M
22,178.7,87.1,108.6,L
29,164.5,103.4,124.2,XXL
25,175.5,81.2,103.7,L
22,176.5,80.7,103.5,L
23,171.7,66.4,92.2,S
42,174.9,100.2,118.9,XL
25,175.8,78.9,97.6,M
23,160.4,83.6,105.7,L
22,174.6,75.5,95.8,M
22,170.9,88.5,106.7,L
31,165.6,83.5,107.6,L
39,168.4,101.3,119.1,XL
21,178.1,71.3,91.8,S
26,175.0,77.6,102.9,L
24,173.7,90.2,107.8,L
25,189.1,79.4,94.9,S
25,178.8,84.2,105.4,L
32,171.8,93.2,111.2,L
29,164.0,66.7,96.4,M
38,183.6,104.3,120.8,XL
26,160.4,73.6,102.4,L
30,170.7,80.9,105.8,L
35,168.1,83.0,108.6,L
54,184.0,80.2,104.3,L
23,171.1,60.6,87.1,XS
28,180.7,80.1,104.2,L
20,173.9,66.8,98.6,M
33,170.3,81.1,104.1,L
25,177.0,59.1,88.2,XS
33,174.7,92.4,111.7,L
42,184.8,93.8,117.0,XL
20,178.8,73.5,98.1,M
23,181.4,88.5,112.8,XL
30,175.4,85.5,103.8,L
31,168.4,83.9,105.3,L
25,176.4,67.8,91.4,S
39,172.9,81.1,104.4,L
21,174.6,93.0,106.5,L
21,168.8,84.6,107.5,L
26,172.9,72.9,96.8,M
30,183.5,58.8,89.8,XS
39,173.9,94.1,117.5,XL
31,178.2,100.3,114.7,XL
29,174.5,81.7,102.6,L
23,174.9,80.4,106.6,L
28,172.0,73.0,100.8,M
22,173.5,80.4,99.2,M
24,175.0,84.9,104.8,L
43,177.2,102.5,117.3,XL
28,183.2,86.4,104.6,L
27,185.0,109.4,117.0,XL
27,166.4,88.2,108.6,L
32,167.5,93.6,112.2,XL
35,180.7,92.0,107.8,L
28,176.5,86.2,108.7,L
23,179.2,86.1,104.2,L
32,179.5,97.7,120.3,XL
20,175.3,70.7,93.5,S
29,181.6,96.9,110.6,L
19,160.0,71.8,104.2,L
24,165.5,69.9,97.8,M
22,160.8,71.1,97.7,M
31,175.3,93.9,109.8,L
24,170.4,85.9,108.8,L
32,188.7,89.2,106.4,L
19,178.4,74.4,93.5,S
20,177.8,63.2,93.0,S
21,187.7,91.3,106.3,L
21,173.4,71.6,96.6,M
21,180.8,89.9,102.9,L
33,181.5,85.9,100.4,M
22,179.3,82.6,101.9,M
27,175.8,91.1,106.5,L
33,177.2,96.7,116.2,XL
34,169.4,78.9,105.5,L
21,166.1,73.3,97.6,M
20,173.0,90.1,106.1,L
22,165.3,69.3,95.6,M
23,175.3,81.7,106.8,L
28,174.0,84.6,108.2,L
27,171.1,75.2,95.2,M
22,175.8,94.4,114.2,XL
25,176.1,69.3,94.8,S
44,172.5,87.2,111.9,L
24,170.2,74.9,101.7,M
29,177.5,89.9,107.4,L
30,167.0,86.2,109.9,L
25,176.8,82.5,103.5,L
23,168.7,80.3,104.2,L
34,170.0,74.0,101.7,M
40,174.9,96.6,117.1,XL
37,171.0,87.9,108.8,L
24,192.4,75.7,98.6,M
40,172.9,88.2,115.7,XL
20,171.3,73.3,99.4,M
21,173.7,73.0,99.3,M
41,174.1,114.2,120.8,XL
28,163.5,78.0,109.5,L
26,174.4,101.9,118.7,XL
38,174.5,109.5,123.8,XXL
20,174.4,68.7,93.9,S
42,173.3,99.7,119.6,XL
24,178.6,102.1,113.5,XL
54,179.7,95.0,111.7,L
23,182.4,83.8,103.9,L
22,164.8,97.0,117.4,XL
22,162.7,69.7,97.3,M
41,179.3,101.2,114.7,XL
20,170.3,62.5,87.3,XS
23,181.0,105.1,115.9,XL
25,186.8,89.8,104.4,L
24,169.8,91.4,113.0,XL
28,172.0,80.5,105.6,L
28,175.2,77.0,100.4,M
23,168.2,98.0,110.8,L
24,185.3,102.0,110.6,L
24,177.7,78.3,101.9,M
25,172.8,80.1,105.6,L
25,172.6,91.2,112.0,XL
27,165.1,78.7,109.3,L
23,167.4,60.7,94.3,S
22,175.3,79.8,102.3,L
24,172.1,101.1,115.3,XL
24,178.3,89.0,104.2,L
23,173.2,69.0,96.2,M
22,178.7,68.4,97.4,M
25,176.6,108.5,118.3,XL
22,172.3,65.5,96.4,M
24,175.7,79.7,97.7,M
24,170.0,84.5,101.7,M
30,175.0,57.8,85.3,XS
34,163.7,96.2,115.9,XL
24,177.3,92.1,112.1,XL
45,170.2,109.3,125.3,XXL
43,179.8,89.0,108.4,L
25,179.6,87.3,103.8,L
28,171.7,76.8,101.7,M
28,171.8,81.9,100.9,M
24,183.9,82.1,104.4,L
23,161.9,69.1,99.0,M
24,179.0,91.3,111.4,L
25,189.3,88.2,106.6,L
25,180.7,86.1,104.9,L
35,174.6,108.3,117.1,XL
43,176.0,71.8,95.2,M
44,182.3,106.9,120.0,XL
29,167.3,88.3,110.6,L
21,172.4,86.2,108.3,L
41,175.7,104.7,109.7,L
37,164.9,68.2,99.0,M
24,171.8,87.7,108.7,L
27,178.9,77.6,102.4,L
26,166.9,75.3,103.2,L
46,173.2,92.4,111.2,L
28,184.6,76.7,103.8,L
20,173.7,83.9,101.1,M
38,170.6,86.8,109.5,L
56,186.5,110.8,114.4,XL
25,185.8,76.2,97.6,M
51,180.0,96.8,114.7,XL
25,164.0,71.1,93.1,S
28,176.1,101.0,111.8,L
30,180.9,101.2,108.3,L
32,167.5,87.0,115.8,XL
29,177.7,97.9,114.2,XL
38,181.8,103.8,115.5,XL
27,177.0,89.1,106.6,L
28,166.8,74.6,99.6,M
30,174.0,84.0,105.6,L
25,179.0,75.0,98.9,M
26,170.8,110.6,126.3,XXL
26,168.4,72.7,98.9,M
29,182.8,88.2,100.4,M
31,168.2,66.3,87.7,XS
35,180.5,85.2,106.2,L
21,166.6,73.4,98.1,M
27,172.7,68.7,97.4,M
22,182.8,92.5,111.9,L
34,168.3,76.2,102.0,L
20,170.9,80.4,106.3,L
22,169.6,92.1,112.8,XL
22,179.0,91.4,102.1,L
24,179.5,79.6,99.4,M
22,173.6,74.6,97.2,M
24,177.8,72.6,93.0,S
20,177.1,68.7,91.5,S
21,184.5,89.2,104.2,L
22,173.8,69.0,93.6,S
20,171.0,68.2,94.0,S
44,164.5,75.7,108.8,L
21,170.0,82.7,103.6,L
21,168.7,80.1,100.1,M
42,181.0,93.0,101.1,M
21,172.2,76.0,95.3,M
28,178.8,95.0,108.3,L
20,178.4,69.1,91.4,S
25,178.0,81.1,101.2,M
21,177.7,84.7,106.7,L
32,174.6,73.0,98.3,M
25,177.5,79.1,103.5,L
43,177.4,96.3,113.6,XL
39,173.5,104.9,123.8,XXL
26,174.8,87.0,102.7,L
30,170.4,70.5,95.1,M
25,172.8,97.8,117.2,XL
35,176.7,103.9,118.3,XL
37,171.9,96.9,117.1,XL
38,187.8,78.3,97.5,M
33,170.3,83.6,107.4,L
22,172.6,69.4,95.6,M
35,170.3,95.8,114.4,XL
34,170.1,94.5,112.9,XL
30,178.8,80.7,102.0,L
23,179.7,91.2,106.8,L
31,177.2,85.0,103.8,L
21,165.7,74.4,100.7,M
22,178.6,98.0,107.6,L
35,174.3,92.6,108.1,L
37,175.1,84.3,110.9,L
22,169.8,78.2,102.3,L
33,172.2,96.9,116.7,XL
42,166.3,86.9,108.6,L
26,181.3,95.6,109.6,L
40,178.4,87.6,103.7,L
57,185.4,89.2,100.7,M
20,165.3,60.9,93.4,S
48,170.0,79.6,106.0,L
38,196.0,98.1,108.1,L
27,173.4,74.2,99.3,M
40,173.7,95.5,110.6,L
27,183.8,95.2,105.3,L
46,169.9,84.8,112.5,XL
23,180.5,87.1,109.9,L
28,183.0,104.1,115.8,XL
29,176.4,66.2,90.8,S
44,172.4,82.1,105.5,L
28,175.5,84.4,104.7,L
42,181.8,87.6,106.2,L
21,180.8,80.0,99.4,M
32,191.7,98.4,113.0,XL
28,177.1,78.7,95.5,M
33,180.3,95.2,109.7,L
21,179.2,67.6,89.9,XS
36,175.6,68.3,97.3,M
44,178.0,84.1,103.8,L
28,179.2,82.8,101.6,M
28,186.3,93.7,108.3,L
27,182.0,106.0,115.8,XL
25,179.8,86.9,106.6,L
38,191.3,85.3,101.4,M
24,169.1,75.3,103.4,L
36,182.2,93.3,108.9,L
29,171.8,84.9,105.3,L
33,178.9,95.7,111.6,L
26,167.4,75.5,101.4,M
40,169.2,77.3,107.7,L
25,180.4,73.5,101.0,M
34,180.0,84.9,101.8,M
33,186.2,101.0,109.9,L
31,166.7,74.1,103.2,L
24,163.3,77.3,105.4,L
45,167.3,83.3,112.6,XL
31,189.6,94.5,103.2,L
35,182.6,98.4,113.3,XL
31,168.0,74.6,104.1,L
20,179.9,91.7,104.8,L
23,179.3,88.3,108.7,L
19,182.0,101.6,115.4,XL
22,178.8,67.0,92.7,S
20,170.8,72.6,99.0,M
31,187.2,118.5,124.2,XXL
21,189.7,82.9,104.1,L
20,173.9,78.6,95.8,M
20,170.6,78.1,99.4,M
23,174.9,71.3,96.2,M
23,172.1,83.1,102.4,L
20,183.8,77.1,104.7,L
27,171.4,73.1,99.4,M
20,168.3,77.5,104.3,L
18,168.8,72.7,101.2,M
25,169.6,75.8,102.0,L
28,178.0,89.8,106.0,L
24,181.2,134.6,132.1,XXL
20,174.8,87.0,108.6,L
23,167.0,67.0,94.5,S
29,181.1,84.7,100.5,M
31,178.1,101.3,117.2,XL
21,176.4,80.2,98.7,M
23,166.1,69.7,93.7,S
22,173.7,94.7,107.6,L
22,170.2,79.1,102.7,L
22,163.6,73.6,99.6,M
30,170.9,85.5,114.3,XL
21,171.0,103.6,114.7,XL
29,166.9,75.9,102.4,L
31,179.0,93.2,109.8,L
27,179.2,95.5,112.8,XL
35,169.6,66.1,95.9,M
34,178.4,93.6,110.1,L
32,176.7,86.5,109.4,L
44,166.6,78.4,106.2,L
28,172.1,72.4,96.3,M
27,164.4,73.7,100.7,M
27,172.4,83.8,107.7,L
28,164.6,79.2,109.3,L
26,177.1,70.0,97.3,M
27,178.1,88.6,107.8,L
23,170.0,70.3,103.2,L
33,178.0,75.0,101.6,M
27,175.8,95.3,114.7,XL
23,181.8,78.5,102.8,L
27,170.3,98.0,110.1,L
21,170.6,71.7,96.4,M
20,172.6,64.2,96.8,M
23,176.3,78.4,104.4,L
41,165.2,73.4,101.0,M
23,180.5,100.0,108.8,L
21,187.4,96.2,106.4,L
34,181.6,80.9,103.1,L
26,174.0,79.1,101.0,M
19,168.1,68.0,95.3,M
25,165.5,65.6,96.9,M
23,176.3,84.1,101.2,M
25,174.6,58.8,88.4,XS
23,173.3,73.8,96.9,M
22,175.7,67.2,93.4,S
24,156.7,62.0,90.7,S
22,170.3,73.7,95.7,M
28,171.8,84.8,108.6,L
25,187.1,79.2,92.5,S
25,172.8,85.8,105.4,L
21,178.8,84.8,100.3,M
22,168.8,67.5,95.4,M
22,176.5,89.6,107.2,L
23,169.0,83.2,104.5,L
22,171.8,73.1,98.4,M
38,182.8,98.5,114.4,XL
